date,isin,yield
2025-02-10,IN0020240001,0.0702
2025-02-11,IN0020240001,0.070009
2025-02-12,IN0020240001,0.069818
2025-02-13,IN0020240001,0.069415
2025-02-14,IN0020240001,0.069394
2025-02-17,IN0020240001,0.069266
2025-02-18,IN0020240001,0.069578
2025-02-19,IN0020240001,0.069426
2025-02-20,IN0020240001,0.069202
2025-02-21,IN0020240001,0.069445
2025-02-24,IN0020240001,0.06958
2025-02-25,IN0020240001,0.069375
2025-02-26,IN0020240001,0.069006
2025-02-27,IN0020240001,0.068598
2025-02-28,IN0020240001,0.068711
2025-03-03,IN0020240001,0.06894
2025-03-04,IN0020240001,0.06894
2025-03-05,IN0020240001,0.069011
2025-03-06,IN0020240001,0.068771
2025-03-07,IN0020240001,0.068291
2025-03-10,IN0020240001,0.068475
2025-03-11,IN0020240001,0.06916
2025-03-12,IN0020240001,0.069066
2025-03-13,IN0020240001,0.068504
2025-03-14,IN0020240001,0.068587
2025-03-17,IN0020240001,0.068969
2025-03-18,IN0020240001,0.068736
2025-03-19,IN0020240001,0.068285
2025-03-20,IN0020240001,0.068385
2025-03-21,IN0020240001,0.068055
2025-03-24,IN0020240001,0.068157
2025-03-25,IN0020240001,0.068608
2025-03-26,IN0020240001,0.06879
2025-03-27,IN0020240001,0.068767
2025-03-28,IN0020240001,0.068745
2025-03-31,IN0020240001,0.068977
2025-04-01,IN0020240001,0.068965
2025-04-02,IN0020240001,0.069112
2025-04-03,IN0020240001,0.069283
2025-04-04,IN0020240001,0.06959
2025-04-07,IN0020240001,0.069471
2025-04-08,IN0020240001,0.069147
2025-04-09,IN0020240001,0.069697
2025-04-10,IN0020240001,0.069737
2025-04-11,IN0020240001,0.0703
2025-04-14,IN0020240001,0.070017
2025-04-15,IN0020240001,0.069904
2025-04-16,IN0020240001,0.069845
2025-04-17,IN0020240001,0.069816
2025-04-18,IN0020240001,0.069836
2025-04-21,IN0020240001,0.069801
2025-04-22,IN0020240001,0.069829
2025-04-23,IN0020240001,0.070047
2025-04-24,IN0020240001,0.070385
2025-04-25,IN0020240001,0.070159
2025-04-28,IN0020240001,0.070502
2025-04-29,IN0020240001,0.070458
2025-04-30,IN0020240001,0.071007
2025-05-01,IN0020240001,0.071105
2025-05-02,IN0020240001,0.071652
2025-05-05,IN0020240001,0.070894
2025-05-06,IN0020240001,0.07086
2025-05-07,IN0020240001,0.070986
2025-05-08,IN0020240001,0.0709
2025-05-09,IN0020240001,0.07124
2025-05-12,IN0020240001,0.071043
2025-05-13,IN0020240001,0.071487
2025-05-14,IN0020240001,0.071242
2025-05-15,IN0020240001,0.071562
2025-05-16,IN0020240001,0.07204
2025-05-19,IN0020240001,0.071782
2025-05-20,IN0020240001,0.071396
2025-05-21,IN0020240001,0.071792
2025-05-22,IN0020240001,0.071882
2025-05-23,IN0020240001,0.071964
2025-05-26,IN0020240001,0.071605
2025-05-27,IN0020240001,0.071629
2025-05-28,IN0020240001,0.072065
2025-05-29,IN0020240001,0.072015
2025-05-30,IN0020240001,0.072121
2025-06-02,IN0020240001,0.072561
2025-06-03,IN0020240001,0.072064
2025-06-04,IN0020240001,0.071818
2025-06-05,IN0020240001,0.072363
2025-06-06,IN0020240001,0.072443
2025-06-09,IN0020240001,0.072067
2025-06-10,IN0020240001,0.072307
2025-06-11,IN0020240001,0.072345
2025-06-12,IN0020240001,0.072002
2025-06-13,IN0020240001,0.071675
2025-06-16,IN0020240001,0.071667
2025-06-17,IN0020240001,0.071491
2025-06-18,IN0020240001,0.071411
2025-06-19,IN0020240001,0.071558
2025-06-20,IN0020240001,0.071669
2025-06-23,IN0020240001,0.071859
2025-06-24,IN0020240001,0.072127
2025-06-25,IN0020240001,0.07234
2025-06-26,IN0020240001,0.072748
2025-06-27,IN0020240001,0.073223
2025-06-30,IN0020240001,0.072925
2025-07-01,IN0020240001,0.073282
2025-07-02,IN0020240001,0.073085
2025-07-03,IN0020240001,0.072926
2025-07-04,IN0020240001,0.072353
2025-07-07,IN0020240001,0.072548
2025-07-08,IN0020240001,0.072565
2025-07-09,IN0020240001,0.072376
2025-07-10,IN0020240001,0.072233
2025-07-11,IN0020240001,0.07156
2025-07-14,IN0020240001,0.07181
2025-07-15,IN0020240001,0.071679
2025-07-16,IN0020240001,0.071622
2025-07-17,IN0020240001,0.071603
2025-07-18,IN0020240001,0.071201
2025-07-21,IN0020240001,0.071571
2025-07-22,IN0020240001,0.071581
2025-07-23,IN0020240001,0.071987
2025-07-24,IN0020240001,0.071936
2025-07-25,IN0020240001,0.072003
2025-07-28,IN0020240001,0.072298
2025-07-29,IN0020240001,0.072142
2025-07-30,IN0020240001,0.072369
2025-07-31,IN0020240001,0.07265
2025-08-01,IN0020240001,0.072194
2025-08-04,IN0020240001,0.072584
2025-08-05,IN0020240001,0.072465
2025-08-06,IN0020240001,0.072345
2025-08-07,IN0020240001,0.072422
2025-08-08,IN0020240001,0.072333
2025-08-11,IN0020240001,0.072628
2025-08-12,IN0020240001,0.071944
2025-08-13,IN0020240001,0.071495
2025-08-14,IN0020240001,0.071473
2025-08-15,IN0020240001,0.071795
2025-08-18,IN0020240001,0.071792
2025-08-19,IN0020240001,0.071722
2025-08-20,IN0020240001,0.071401
2025-08-21,IN0020240001,0.07122
2025-08-22,IN0020240001,0.071093
2025-08-25,IN0020240001,0.071258
2025-08-26,IN0020240001,0.070641
2025-08-27,IN0020240001,0.070536
2025-08-28,IN0020240001,0.070164
2025-08-29,IN0020240001,0.07049
2025-09-01,IN0020240001,0.070618
2025-09-02,IN0020240001,0.070948
2025-09-03,IN0020240001,0.070815
2025-09-04,IN0020240001,0.070877
2025-09-05,IN0020240001,0.070917
2025-09-08,IN0020240001,0.070833
2025-09-09,IN0020240001,0.070604
2025-09-10,IN0020240001,0.070559
2025-09-11,IN0020240001,0.070172
2025-09-12,IN0020240001,0.070225
2025-09-15,IN0020240001,0.070268
2025-09-16,IN0020240001,0.070512
2025-09-17,IN0020240001,0.070499
2025-09-18,IN0020240001,0.070489
2025-09-19,IN0020240001,0.069989
2025-09-22,IN0020240001,0.069295
2025-09-23,IN0020240001,0.069559
2025-09-24,IN0020240001,0.069805
2025-09-25,IN0020240001,0.069703
2025-09-26,IN0020240001,0.06965
2025-09-29,IN0020240001,0.070047
2025-09-30,IN0020240001,0.070272
2025-10-01,IN0020240001,0.070404
2025-10-02,IN0020240001,0.070136
2025-10-03,IN0020240001,0.070545
2025-10-06,IN0020240001,0.070586
2025-10-07,IN0020240001,0.070133
2025-10-08,IN0020240001,0.070101
2025-10-09,IN0020240001,0.070175
2025-10-10,IN0020240001,0.070525
2025-10-13,IN0020240001,0.070817
2025-10-14,IN0020240001,0.071027
2025-10-15,IN0020240001,0.070883
2025-10-16,IN0020240001,0.070308
2025-10-17,IN0020240001,0.070682
2025-10-20,IN0020240001,0.070679
2025-10-21,IN0020240001,0.070426
2025-10-22,IN0020240001,0.070317
2025-10-23,IN0020240001,0.070816
2025-10-24,IN0020240001,0.070585
2025-10-27,IN0020240001,0.070136
2025-10-28,IN0020240001,0.070218
2025-10-29,IN0020240001,0.070043
2025-10-30,IN0020240001,0.069738
2025-10-31,IN0020240001,0.069706
2025-11-03,IN0020240001,0.069471
2025-11-04,IN0020240001,0.069624
2025-11-05,IN0020240001,0.069608
2025-11-06,IN0020240001,0.069635
2025-11-07,IN0020240001,0.069835
2025-11-10,IN0020240001,0.069612
2025-11-11,IN0020240001,0.069284
2025-11-12,IN0020240001,0.069684
2025-11-13,IN0020240001,0.069511
2025-11-14,IN0020240001,0.068881
2025-11-17,IN0020240001,0.068524
2025-11-18,IN0020240001,0.068664
2025-11-19,IN0020240001,0.068639
2025-11-20,IN0020240001,0.068881
2025-11-21,IN0020240001,0.068992
2025-11-24,IN0020240001,0.069132
2025-11-25,IN0020240001,0.068696
2025-11-26,IN0020240001,0.06871
2025-11-27,IN0020240001,0.069016
2025-11-28,IN0020240001,0.068429
2025-12-01,IN0020240001,0.068438
2025-12-02,IN0020240001,0.068535
2025-12-03,IN0020240001,0.068586
2025-12-04,IN0020240001,0.068815
2025-12-05,IN0020240001,0.068793
2025-12-08,IN0020240001,0.069055
2025-12-09,IN0020240001,0.068662
2025-12-10,IN0020240001,0.069584
2025-12-11,IN0020240001,0.069407
2025-12-12,IN0020240001,0.069211
2025-12-15,IN0020240001,0.068887
2025-12-16,IN0020240001,0.069133
2025-12-17,IN0020240001,0.06906
2025-12-18,IN0020240001,0.068877
2025-12-19,IN0020240001,0.069065
2025-12-22,IN0020240001,0.069002
2025-12-23,IN0020240001,0.068975
2025-12-24,IN0020240001,0.069021
2025-12-25,IN0020240001,0.069013
2025-12-26,IN0020240001,0.069051
2025-12-29,IN0020240001,0.068781
2025-12-30,IN0020240001,0.068723
2025-12-31,IN0020240001,0.06877
2026-01-01,IN0020240001,0.068826
2026-01-02,IN0020240001,0.069131
2026-01-05,IN0020240001,0.069161
2026-01-06,IN0020240001,0.069546
2026-01-07,IN0020240001,0.069244
2026-01-08,IN0020240001,0.069648
2026-01-09,IN0020240001,0.070311
2026-01-12,IN0020240001,0.070281
2026-01-13,IN0020240001,0.07055
2026-01-14,IN0020240001,0.070808
2026-01-15,IN0020240001,0.07085
2026-01-16,IN0020240001,0.070627
2026-01-19,IN0020240001,0.070065
2026-01-20,IN0020240001,0.070124
2026-01-21,IN0020240001,0.070094
2026-01-22,IN0020240001,0.07025
2026-01-23,IN0020240001,0.070173
2026-01-26,IN0020240001,0.069723
2026-01-27,IN0020240001,0.069272
2026-01-28,IN0020240001,0.069332
2026-01-29,IN0020240001,0.069339
2026-01-30,IN0020240001,0.069472
2026-02-02,IN0020240001,0.069307
2026-02-03,IN0020240001,0.068792
2026-02-04,IN0020240001,0.068697
2026-02-05,IN0020240001,0.068443
2026-02-06,IN0020240001,0.068531
2026-02-09,IN0020240001,0.068106
2026-02-10,IN0020240001,0.068285
2026-02-11,IN0020240001,0.068046
2026-02-12,IN0020240001,0.06794
2026-02-13,IN0020240001,0.068452
2026-02-16,IN0020240001,0.068857
2026-02-17,IN0020240001,0.069156
2026-02-18,IN0020240001,0.069105
2026-02-19,IN0020240001,0.068751
2026-02-20,IN0020240001,0.069096
2026-02-23,IN0020240001,0.06933
2026-02-24,IN0020240001,0.069322
2026-02-25,IN0020240001,0.069293
2026-02-26,IN0020240001,0.069677
2026-02-27,IN0020240001,0.069807
2026-03-02,IN0020240001,0.069756
2026-03-03,IN0020240001,0.069567
2026-03-04,IN0020240001,0.069234
2026-03-05,IN0020240001,0.068897
2026-03-06,IN0020240001,0.068975
2026-03-09,IN0020240001,0.069177
2026-03-10,IN0020240001,0.069285
2026-03-11,IN0020240001,0.069194
2026-03-12,IN0020240001,0.069022
2026-03-13,IN0020240001,0.068616
2026-03-16,IN0020240001,0.068585
2026-03-17,IN0020240001,0.069146
2026-03-18,IN0020240001,0.069321
2026-03-19,IN0020240001,0.069607
2026-03-20,IN0020240001,0.06928
2026-03-23,IN0020240001,0.069458
2026-03-24,IN0020240001,0.069945
2026-03-25,IN0020240001,0.069554
2026-03-26,IN0020240001,0.069912
2026-03-27,IN0020240001,0.069636
2026-03-30,IN0020240001,0.069881
2026-03-31,IN0020240001,0.069804
2026-04-01,IN0020240001,0.070021
2026-04-02,IN0020240001,0.070614
2026-04-03,IN0020240001,0.070457
2026-04-06,IN0020240001,0.070693
2026-04-07,IN0020240001,0.070646
2026-04-08,IN0020240001,0.070775
2026-04-09,IN0020240001,0.071046
2026-04-10,IN0020240001,0.070571
2026-04-13,IN0020240001,0.070416
2026-04-14,IN0020240001,0.070796
2026-04-15,IN0020240001,0.070202
2026-04-16,IN0020240001,0.069779
2026-04-17,IN0020240001,0.069504
2026-04-20,IN0020240001,0.069699
2026-04-21,IN0020240001,0.069333
2026-04-22,IN0020240001,0.069655
2026-04-23,IN0020240001,0.069618
2026-04-24,IN0020240001,0.069718
2026-04-27,IN0020240001,0.069849
2026-04-28,IN0020240001,0.069385
2026-04-29,IN0020240001,0.069233
2026-04-30,IN0020240001,0.069322
2026-05-01,IN0020240001,0.069025
2026-05-04,IN0020240001,0.069124
2026-05-05,IN0020240001,0.069429
2026-05-06,IN0020240001,0.069417
2026-05-07,IN0020240001,0.06932
2026-05-08,IN0020240001,0.069156
2026-05-11,IN0020240001,0.06902
2026-05-12,IN0020240001,0.068777
2026-05-13,IN0020240001,0.069096
2026-05-14,IN0020240001,0.069155
2026-05-15,IN0020240001,0.069057
2026-05-18,IN0020240001,0.069315
2026-05-19,IN0020240001,0.069704
2026-05-20,IN0020240001,0.069675
2026-05-21,IN0020240001,0.069806
2026-05-22,IN0020240001,0.069838
2026-05-25,IN0020240001,0.06951
2026-05-26,IN0020240001,0.069348
2026-05-27,IN0020240001,0.069511
2026-05-28,IN0020240001,0.069608
2026-05-29,IN0020240001,0.069582
2026-06-01,IN0020240001,0.069556
2026-06-02,IN0020240001,0.069105
2026-06-03,IN0020240001,0.068997
2026-06-04,IN0020240001,0.06921
2026-06-05,IN0020240001,0.069951
2026-06-08,IN0020240001,0.070117
2026-06-09,IN0020240001,0.070304
2026-06-10,IN0020240001,0.070077
2026-06-11,IN0020240001,0.069857
2026-06-12,IN0020240001,0.069803
2026-06-15,IN0020240001,0.069498
2026-06-16,IN0020240001,0.070113
2026-06-17,IN0020240001,0.069815
2026-06-18,IN0020240001,0.069705
2026-06-19,IN0020240001,0.070058
2026-06-22,IN0020240001,0.070282
2026-06-23,IN0020240001,0.070357
2026-06-24,IN0020240001,0.070786
2026-06-25,IN0020240001,0.070744
2026-06-26,IN0020240001,0.070804
2026-06-29,IN0020240001,0.070742
2026-06-30,IN0020240001,0.070773
2026-07-01,IN0020240001,0.070684
2026-07-02,IN0020240001,0.071089
2026-07-03,IN0020240001,0.071291
2026-07-06,IN0020240001,0.07114
2026-07-07,IN0020240001,0.07088
2026-07-08,IN0020240001,0.071316
2026-07-09,IN0020240001,0.070883
2026-07-10,IN0020240001,0.07057
2026-07-13,IN0020240001,0.070939
2026-07-14,IN0020240001,0.070871
2026-07-15,IN0020240001,0.070936
2026-07-16,IN0020240001,0.071241
2026-07-17,IN0020240001,0.071029
2026-07-20,IN0020240001,0.070966
2026-07-21,IN0020240001,0.070984
2026-07-22,IN0020240001,0.070937
2026-07-23,IN0020240001,0.071119
2026-07-24,IN0020240001,0.070826
2026-07-27,IN0020240001,0.070693
2026-07-28,IN0020240001,0.070252
2026-07-29,IN0020240001,0.070321
2026-07-30,IN0020240001,0.070538
2026-07-31,IN0020240001,0.070562
2026-08-03,IN0020240001,0.070209
2026-08-04,IN0020240001,0.070281
2026-08-05,IN0020240001,0.070348
2026-08-06,IN0020240001,0.069871
2026-08-07,IN0020240001,0.07067
2026-08-10,IN0020240001,0.070423
2026-08-11,IN0020240001,0.070274
2026-08-12,IN0020240001,0.069827
2026-08-13,IN0020240001,0.070016
2026-08-14,IN0020240001,0.069422
2026-08-17,IN0020240001,0.069219
2026-08-18,IN0020240001,0.069206
2026-08-19,IN0020240001,0.069148
2026-08-20,IN0020240001,0.068812
2026-08-21,IN0020240001,0.068904
2025-02-10,IN0020240002,0.0705
2025-02-11,IN0020240002,0.070476
2025-02-12,IN0020240002,0.070802
2025-02-13,IN0020240002,0.070595
2025-02-14,IN0020240002,0.07029
2025-02-17,IN0020240002,0.070283
2025-02-18,IN0020240002,0.070345
2025-02-19,IN0020240002,0.070563
2025-02-20,IN0020240002,0.0704
2025-02-21,IN0020240002,0.070673
2025-02-24,IN0020240002,0.070782
2025-02-25,IN0020240002,0.070673
2025-02-26,IN0020240002,0.071153
2025-02-27,IN0020240002,0.071351
2025-02-28,IN0020240002,0.071369
2025-03-03,IN0020240002,0.071212
2025-03-04,IN0020240002,0.07138
2025-03-05,IN0020240002,0.07101
2025-03-06,IN0020240002,0.070856
2025-03-07,IN0020240002,0.070916
2025-03-10,IN0020240002,0.070705
2025-03-11,IN0020240002,0.071074
2025-03-12,IN0020240002,0.070793
2025-03-13,IN0020240002,0.070681
2025-03-14,IN0020240002,0.07046
2025-03-17,IN0020240002,0.070155
2025-03-18,IN0020240002,0.070401
2025-03-19,IN0020240002,0.070796
2025-03-20,IN0020240002,0.071025
2025-03-21,IN0020240002,0.070899
2025-03-24,IN0020240002,0.071
2025-03-25,IN0020240002,0.071299
2025-03-26,IN0020240002,0.071188
2025-03-27,IN0020240002,0.070969
2025-03-28,IN0020240002,0.070475
2025-03-31,IN0020240002,0.070659
2025-04-01,IN0020240002,0.07046
2025-04-02,IN0020240002,0.06975
2025-04-03,IN0020240002,0.069684
2025-04-04,IN0020240002,0.069129
2025-04-07,IN0020240002,0.069008
2025-04-08,IN0020240002,0.068889
2025-04-09,IN0020240002,0.068588
2025-04-10,IN0020240002,0.068574
2025-04-11,IN0020240002,0.068553
2025-04-14,IN0020240002,0.068496
2025-04-15,IN0020240002,0.069314
2025-04-16,IN0020240002,0.069872
2025-04-17,IN0020240002,0.069984
2025-04-18,IN0020240002,0.070144
2025-04-21,IN0020240002,0.069847
2025-04-22,IN0020240002,0.069413
2025-04-23,IN0020240002,0.06921
2025-04-24,IN0020240002,0.069175
2025-04-25,IN0020240002,0.0692
2025-04-28,IN0020240002,0.069258
2025-04-29,IN0020240002,0.069136
2025-04-30,IN0020240002,0.069331
2025-05-01,IN0020240002,0.068818
2025-05-02,IN0020240002,0.068841
2025-05-05,IN0020240002,0.068317
2025-05-06,IN0020240002,0.068545
2025-05-07,IN0020240002,0.068453
2025-05-08,IN0020240002,0.068614
2025-05-09,IN0020240002,0.068311
2025-05-12,IN0020240002,0.067775
2025-05-13,IN0020240002,0.068134
2025-05-14,IN0020240002,0.068128
2025-05-15,IN0020240002,0.067491
2025-05-16,IN0020240002,0.067466
2025-05-19,IN0020240002,0.067336
2025-05-20,IN0020240002,0.067162
2025-05-21,IN0020240002,0.066948
2025-05-22,IN0020240002,0.066925
2025-05-23,IN0020240002,0.066691
2025-05-26,IN0020240002,0.066979
2025-05-27,IN0020240002,0.067339
2025-05-28,IN0020240002,0.068255
2025-05-29,IN0020240002,0.06831
2025-05-30,IN0020240002,0.068586
2025-06-02,IN0020240002,0.068947
2025-06-03,IN0020240002,0.069167
2025-06-04,IN0020240002,0.069366
2025-06-05,IN0020240002,0.069223
2025-06-06,IN0020240002,0.068857
2025-06-09,IN0020240002,0.068397
2025-06-10,IN0020240002,0.068444
2025-06-11,IN0020240002,0.068444
2025-06-12,IN0020240002,0.068629
2025-06-13,IN0020240002,0.068541
2025-06-16,IN0020240002,0.068683
2025-06-17,IN0020240002,0.06884
2025-06-18,IN0020240002,0.068629
2025-06-19,IN0020240002,0.068962
2025-06-20,IN0020240002,0.068943
2025-06-23,IN0020240002,0.06895
2025-06-24,IN0020240002,0.068706
2025-06-25,IN0020240002,0.068658
2025-06-26,IN0020240002,0.068713
2025-06-27,IN0020240002,0.069105
2025-06-30,IN0020240002,0.069211
2025-07-01,IN0020240002,0.069217
2025-07-02,IN0020240002,0.06891
2025-07-03,IN0020240002,0.069355
2025-07-04,IN0020240002,0.069473
2025-07-07,IN0020240002,0.069562
2025-07-08,IN0020240002,0.069673
2025-07-09,IN0020240002,0.069256
2025-07-10,IN0020240002,0.068729
2025-07-11,IN0020240002,0.068895
2025-07-14,IN0020240002,0.068848
2025-07-15,IN0020240002,0.069256
2025-07-16,IN0020240002,0.069636
2025-07-17,IN0020240002,0.069351
2025-07-18,IN0020240002,0.069243
2025-07-21,IN0020240002,0.069098
2025-07-22,IN0020240002,0.068496
2025-07-23,IN0020240002,0.068737
2025-07-24,IN0020240002,0.068546
2025-07-25,IN0020240002,0.06856
2025-07-28,IN0020240002,0.068327
2025-07-29,IN0020240002,0.068769
2025-07-30,IN0020240002,0.069286
2025-07-31,IN0020240002,0.069148
2025-08-01,IN0020240002,0.068943
2025-08-04,IN0020240002,0.069292
2025-08-05,IN0020240002,0.068736
2025-08-06,IN0020240002,0.068659
2025-08-07,IN0020240002,0.068269
2025-08-08,IN0020240002,0.068504
2025-08-11,IN0020240002,0.068677
2025-08-12,IN0020240002,0.068716
2025-08-13,IN0020240002,0.068859
2025-08-14,IN0020240002,0.068718
2025-08-15,IN0020240002,0.068447
2025-08-18,IN0020240002,0.068706
2025-08-19,IN0020240002,0.069049
2025-08-20,IN0020240002,0.069213
2025-08-21,IN0020240002,0.06921
2025-08-22,IN0020240002,0.068971
2025-08-25,IN0020240002,0.069414
2025-08-26,IN0020240002,0.068812
2025-08-27,IN0020240002,0.069077
2025-08-28,IN0020240002,0.069442
2025-08-29,IN0020240002,0.069319
2025-09-01,IN0020240002,0.069484
2025-09-02,IN0020240002,0.068887
2025-09-03,IN0020240002,0.068576
2025-09-04,IN0020240002,0.068905
2025-09-05,IN0020240002,0.069396
2025-09-08,IN0020240002,0.069626
2025-09-09,IN0020240002,0.070068
2025-09-10,IN0020240002,0.070155
2025-09-11,IN0020240002,0.070778
2025-09-12,IN0020240002,0.071086
2025-09-15,IN0020240002,0.070682
2025-09-16,IN0020240002,0.071206
2025-09-17,IN0020240002,0.070982
2025-09-18,IN0020240002,0.071288
2025-09-19,IN0020240002,0.070732
2025-09-22,IN0020240002,0.070777
2025-09-23,IN0020240002,0.070724
2025-09-24,IN0020240002,0.070829
2025-09-25,IN0020240002,0.07073
2025-09-26,IN0020240002,0.070697
2025-09-29,IN0020240002,0.07068
2025-09-30,IN0020240002,0.070486
2025-10-01,IN0020240002,0.071113
2025-10-02,IN0020240002,0.0712
2025-10-03,IN0020240002,0.07089
2025-10-06,IN0020240002,0.070902
2025-10-07,IN0020240002,0.070784
2025-10-08,IN0020240002,0.070857
2025-10-09,IN0020240002,0.071036
2025-10-10,IN0020240002,0.07072
2025-10-13,IN0020240002,0.071016
2025-10-14,IN0020240002,0.070784
2025-10-15,IN0020240002,0.070493
2025-10-16,IN0020240002,0.070554
2025-10-17,IN0020240002,0.070389
2025-10-20,IN0020240002,0.070936
2025-10-21,IN0020240002,0.071349
2025-10-22,IN0020240002,0.071425
2025-10-23,IN0020240002,0.071363
2025-10-24,IN0020240002,0.071384
2025-10-27,IN0020240002,0.071599
2025-10-28,IN0020240002,0.071322
2025-10-29,IN0020240002,0.07118
2025-10-30,IN0020240002,0.071508
2025-10-31,IN0020240002,0.070991
2025-11-03,IN0020240002,0.070765
2025-11-04,IN0020240002,0.070467
2025-11-05,IN0020240002,0.070654
2025-11-06,IN0020240002,0.070717
2025-11-07,IN0020240002,0.070686
2025-11-10,IN0020240002,0.070392
2025-11-11,IN0020240002,0.070842
2025-11-12,IN0020240002,0.070867
2025-11-13,IN0020240002,0.070597
2025-11-14,IN0020240002,0.071142
2025-11-17,IN0020240002,0.071084
2025-11-18,IN0020240002,0.07105
2025-11-19,IN0020240002,0.071044
2025-11-20,IN0020240002,0.070998
2025-11-21,IN0020240002,0.070443
2025-11-24,IN0020240002,0.070857
2025-11-25,IN0020240002,0.071014
2025-11-26,IN0020240002,0.071265
2025-11-27,IN0020240002,0.071316
2025-11-28,IN0020240002,0.071025
2025-12-01,IN0020240002,0.071466
2025-12-02,IN0020240002,0.071605
2025-12-03,IN0020240002,0.071746
2025-12-04,IN0020240002,0.072023
2025-12-05,IN0020240002,0.072248
2025-12-08,IN0020240002,0.072324
2025-12-09,IN0020240002,0.072981
2025-12-10,IN0020240002,0.07317
2025-12-11,IN0020240002,0.073462
2025-12-12,IN0020240002,0.073554
2025-12-15,IN0020240002,0.073088
2025-12-16,IN0020240002,0.07241
2025-12-17,IN0020240002,0.072593
2025-12-18,IN0020240002,0.072453
2025-12-19,IN0020240002,0.072304
2025-12-22,IN0020240002,0.072372
2025-12-23,IN0020240002,0.072024
2025-12-24,IN0020240002,0.07163
2025-12-25,IN0020240002,0.07172
2025-12-26,IN0020240002,0.071919
2025-12-29,IN0020240002,0.072092
2025-12-30,IN0020240002,0.071863
2025-12-31,IN0020240002,0.071946
2026-01-01,IN0020240002,0.07177
2026-01-02,IN0020240002,0.071436
2026-01-05,IN0020240002,0.071368
2026-01-06,IN0020240002,0.071225
2026-01-07,IN0020240002,0.07119
2026-01-08,IN0020240002,0.071129
2026-01-09,IN0020240002,0.07118
2026-01-12,IN0020240002,0.071531
2026-01-13,IN0020240002,0.071096
2026-01-14,IN0020240002,0.0709
2026-01-15,IN0020240002,0.070802
2026-01-16,IN0020240002,0.071051
2026-01-19,IN0020240002,0.070862
2026-01-20,IN0020240002,0.071107
2026-01-21,IN0020240002,0.071284
2026-01-22,IN0020240002,0.071007
2026-01-23,IN0020240002,0.070781
2026-01-26,IN0020240002,0.07069
2026-01-27,IN0020240002,0.070319
2026-01-28,IN0020240002,0.070069
2026-01-29,IN0020240002,0.069415
2026-01-30,IN0020240002,0.069028
2026-02-02,IN0020240002,0.068875
2026-02-03,IN0020240002,0.0686
2026-02-04,IN0020240002,0.068576
2026-02-05,IN0020240002,0.0688
2026-02-06,IN0020240002,0.068866
2026-02-09,IN0020240002,0.068807
2026-02-10,IN0020240002,0.068793
2026-02-11,IN0020240002,0.069016
2026-02-12,IN0020240002,0.06887
2026-02-13,IN0020240002,0.069248
2026-02-16,IN0020240002,0.069168
2026-02-17,IN0020240002,0.068783
2026-02-18,IN0020240002,0.068627
2026-02-19,IN0020240002,0.068656
2026-02-20,IN0020240002,0.068866
2026-02-23,IN0020240002,0.06867
2026-02-24,IN0020240002,0.068653
2026-02-25,IN0020240002,0.068797
2026-02-26,IN0020240002,0.069144
2026-02-27,IN0020240002,0.069397
2026-03-02,IN0020240002,0.069217
2026-03-03,IN0020240002,0.069135
2026-03-04,IN0020240002,0.069333
2026-03-05,IN0020240002,0.069338
2026-03-06,IN0020240002,0.069035
2026-03-09,IN0020240002,0.068785
2026-03-10,IN0020240002,0.068489
2026-03-11,IN0020240002,0.06891
2026-03-12,IN0020240002,0.068673
2026-03-13,IN0020240002,0.068753
2026-03-16,IN0020240002,0.068662
2026-03-17,IN0020240002,0.068861
2026-03-18,IN0020240002,0.068972
2026-03-19,IN0020240002,0.068798
2026-03-20,IN0020240002,0.068782
2026-03-23,IN0020240002,0.069026
2026-03-24,IN0020240002,0.068963
2026-03-25,IN0020240002,0.069281
2026-03-26,IN0020240002,0.069151
2026-03-27,IN0020240002,0.068639
2026-03-30,IN0020240002,0.069122
2026-03-31,IN0020240002,0.06985
2026-04-01,IN0020240002,0.070448
2026-04-02,IN0020240002,0.07039
2026-04-03,IN0020240002,0.07072
2026-04-06,IN0020240002,0.070376
2026-04-07,IN0020240002,0.070822
2026-04-08,IN0020240002,0.070262
2026-04-09,IN0020240002,0.070034
2026-04-10,IN0020240002,0.069872
2026-04-13,IN0020240002,0.070026
2026-04-14,IN0020240002,0.070429
2026-04-15,IN0020240002,0.070304
2026-04-16,IN0020240002,0.070246
2026-04-17,IN0020240002,0.070424
2026-04-20,IN0020240002,0.07069
2026-04-21,IN0020240002,0.069999
2026-04-22,IN0020240002,0.069881
2026-04-23,IN0020240002,0.069879
2026-04-24,IN0020240002,0.069512
2026-04-27,IN0020240002,0.06975
2026-04-28,IN0020240002,0.069902
2026-04-29,IN0020240002,0.070189
2026-04-30,IN0020240002,0.069336
2026-05-01,IN0020240002,0.069591
2026-05-04,IN0020240002,0.070066
2026-05-05,IN0020240002,0.070195
2026-05-06,IN0020240002,0.070207
2026-05-07,IN0020240002,0.070247
2026-05-08,IN0020240002,0.069889
2026-05-11,IN0020240002,0.069989
2026-05-12,IN0020240002,0.069804
2026-05-13,IN0020240002,0.069614
2026-05-14,IN0020240002,0.069859
2026-05-15,IN0020240002,0.070185
2026-05-18,IN0020240002,0.070112
2026-05-19,IN0020240002,0.070138
2026-05-20,IN0020240002,0.069823
2026-05-21,IN0020240002,0.069821
2026-05-22,IN0020240002,0.069279
2026-05-25,IN0020240002,0.068863
2026-05-26,IN0020240002,0.069276
2026-05-27,IN0020240002,0.069278
2026-05-28,IN0020240002,0.070118
2026-05-29,IN0020240002,0.070372
2026-06-01,IN0020240002,0.070273
2026-06-02,IN0020240002,0.070641
2026-06-03,IN0020240002,0.071169
2026-06-04,IN0020240002,0.070693
2026-06-05,IN0020240002,0.070606
2026-06-08,IN0020240002,0.06968
2026-06-09,IN0020240002,0.070143
2026-06-10,IN0020240002,0.069987
2026-06-11,IN0020240002,0.07012
2026-06-12,IN0020240002,0.070109
2026-06-15,IN0020240002,0.070025
2026-06-16,IN0020240002,0.070206
2026-06-17,IN0020240002,0.070205
2026-06-18,IN0020240002,0.069769
2026-06-19,IN0020240002,0.069402
2026-06-22,IN0020240002,0.069136
2026-06-23,IN0020240002,0.069204
2026-06-24,IN0020240002,0.068654
2026-06-25,IN0020240002,0.068698
2026-06-26,IN0020240002,0.069075
2026-06-29,IN0020240002,0.069336
2026-06-30,IN0020240002,0.068868
2026-07-01,IN0020240002,0.068843
2026-07-02,IN0020240002,0.068993
2026-07-03,IN0020240002,0.068949
2026-07-06,IN0020240002,0.068898
2026-07-07,IN0020240002,0.06848
2026-07-08,IN0020240002,0.068506
2026-07-09,IN0020240002,0.068532
2026-07-10,IN0020240002,0.06865
2026-07-13,IN0020240002,0.068831
2026-07-14,IN0020240002,0.068859
2026-07-15,IN0020240002,0.068712
2026-07-16,IN0020240002,0.069029
2026-07-17,IN0020240002,0.069193
2026-07-20,IN0020240002,0.069291
2026-07-21,IN0020240002,0.069212
2026-07-22,IN0020240002,0.069088
2026-07-23,IN0020240002,0.069006
2026-07-24,IN0020240002,0.068697
2026-07-27,IN0020240002,0.068882
2026-07-28,IN0020240002,0.069133
2026-07-29,IN0020240002,0.069267
2026-07-30,IN0020240002,0.069311
2026-07-31,IN0020240002,0.069229
2026-08-03,IN0020240002,0.06913
2026-08-04,IN0020240002,0.06903
2026-08-05,IN0020240002,0.069228
2026-08-06,IN0020240002,0.069204
2026-08-07,IN0020240002,0.06937
2026-08-10,IN0020240002,0.069385
2026-08-11,IN0020240002,0.069401
2026-08-12,IN0020240002,0.068718
2026-08-13,IN0020240002,0.068424
2026-08-14,IN0020240002,0.068903
2026-08-17,IN0020240002,0.068548
2026-08-18,IN0020240002,0.06868
2026-08-19,IN0020240002,0.068783
2026-08-20,IN0020240002,0.069053
2026-08-21,IN0020240002,0.068887
2025-02-10,IN0020240003,0.071
2025-02-11,IN0020240003,0.071019
2025-02-12,IN0020240003,0.071442
2025-02-13,IN0020240003,0.071493
2025-02-14,IN0020240003,0.071651
2025-02-17,IN0020240003,0.071842
2025-02-18,IN0020240003,0.072058
2025-02-19,IN0020240003,0.07186
2025-02-20,IN0020240003,0.071761
2025-02-21,IN0020240003,0.071694
2025-02-24,IN0020240003,0.071364
2025-02-25,IN0020240003,0.071263
2025-02-26,IN0020240003,0.070756
2025-02-27,IN0020240003,0.071104
2025-02-28,IN0020240003,0.070906
2025-03-03,IN0020240003,0.070965
2025-03-04,IN0020240003,0.071227
2025-03-05,IN0020240003,0.071615
2025-03-06,IN0020240003,0.071187
2025-03-07,IN0020240003,0.070879
2025-03-10,IN0020240003,0.070453
2025-03-11,IN0020240003,0.070175
2025-03-12,IN0020240003,0.070063
2025-03-13,IN0020240003,0.069519
2025-03-14,IN0020240003,0.069489
2025-03-17,IN0020240003,0.069638
2025-03-18,IN0020240003,0.069671
2025-03-19,IN0020240003,0.069905
2025-03-20,IN0020240003,0.069943
2025-03-21,IN0020240003,0.06985
2025-03-24,IN0020240003,0.070383
2025-03-25,IN0020240003,0.069855
2025-03-26,IN0020240003,0.06979
2025-03-27,IN0020240003,0.06984
2025-03-28,IN0020240003,0.069986
2025-03-31,IN0020240003,0.069667
2025-04-01,IN0020240003,0.069593
2025-04-02,IN0020240003,0.069349
2025-04-03,IN0020240003,0.069896
2025-04-04,IN0020240003,0.069838
2025-04-07,IN0020240003,0.069935
2025-04-08,IN0020240003,0.069849
2025-04-09,IN0020240003,0.069713
2025-04-10,IN0020240003,0.069077
2025-04-11,IN0020240003,0.069045
2025-04-14,IN0020240003,0.069217
2025-04-15,IN0020240003,0.069348
2025-04-16,IN0020240003,0.069694
2025-04-17,IN0020240003,0.069702
2025-04-18,IN0020240003,0.069443
2025-04-21,IN0020240003,0.069753
2025-04-22,IN0020240003,0.06997
2025-04-23,IN0020240003,0.070043
2025-04-24,IN0020240003,0.070064
2025-04-25,IN0020240003,0.069874
2025-04-28,IN0020240003,0.070335
2025-04-29,IN0020240003,0.070442
2025-04-30,IN0020240003,0.070485
2025-05-01,IN0020240003,0.070453
2025-05-02,IN0020240003,0.070204
2025-05-05,IN0020240003,0.07007
2025-05-06,IN0020240003,0.070288
2025-05-07,IN0020240003,0.070551
2025-05-08,IN0020240003,0.070555
2025-05-09,IN0020240003,0.070348
2025-05-12,IN0020240003,0.07041
2025-05-13,IN0020240003,0.071025
2025-05-14,IN0020240003,0.07121
2025-05-15,IN0020240003,0.07156
2025-05-16,IN0020240003,0.071955
2025-05-19,IN0020240003,0.071986
2025-05-20,IN0020240003,0.072254
2025-05-21,IN0020240003,0.072202
2025-05-22,IN0020240003,0.072192
2025-05-23,IN0020240003,0.07236
2025-05-26,IN0020240003,0.072128
2025-05-27,IN0020240003,0.072548
2025-05-28,IN0020240003,0.072252
2025-05-29,IN0020240003,0.071902
2025-05-30,IN0020240003,0.071673
2025-06-02,IN0020240003,0.0715
2025-06-03,IN0020240003,0.071098
2025-06-04,IN0020240003,0.071122
2025-06-05,IN0020240003,0.071477
2025-06-06,IN0020240003,0.071545
2025-06-09,IN0020240003,0.072022
2025-06-10,IN0020240003,0.07172
2025-06-11,IN0020240003,0.072117
2025-06-12,IN0020240003,0.072838
2025-06-13,IN0020240003,0.072517
2025-06-16,IN0020240003,0.072149
2025-06-17,IN0020240003,0.071716
2025-06-18,IN0020240003,0.071577
2025-06-19,IN0020240003,0.071646
2025-06-20,IN0020240003,0.071852
2025-06-23,IN0020240003,0.071982
2025-06-24,IN0020240003,0.07196
2025-06-25,IN0020240003,0.071939
2025-06-26,IN0020240003,0.071925
2025-06-27,IN0020240003,0.072106
2025-06-30,IN0020240003,0.071869
2025-07-01,IN0020240003,0.072175
2025-07-02,IN0020240003,0.072318
2025-07-03,IN0020240003,0.072241
2025-07-04,IN0020240003,0.072433
2025-07-07,IN0020240003,0.072237
2025-07-08,IN0020240003,0.072097
2025-07-09,IN0020240003,0.071616
2025-07-10,IN0020240003,0.07151
2025-07-11,IN0020240003,0.071294
2025-07-14,IN0020240003,0.071548
2025-07-15,IN0020240003,0.072117
2025-07-16,IN0020240003,0.071654
2025-07-17,IN0020240003,0.071691
2025-07-18,IN0020240003,0.072037
2025-07-21,IN0020240003,0.071925
2025-07-22,IN0020240003,0.07221
2025-07-23,IN0020240003,0.072381
2025-07-24,IN0020240003,0.072519
2025-07-25,IN0020240003,0.072339
2025-07-28,IN0020240003,0.072145
2025-07-29,IN0020240003,0.072135
2025-07-30,IN0020240003,0.072034
2025-07-31,IN0020240003,0.071898
2025-08-01,IN0020240003,0.07209
2025-08-04,IN0020240003,0.07219
2025-08-05,IN0020240003,0.07222
2025-08-06,IN0020240003,0.07207
2025-08-07,IN0020240003,0.072534
2025-08-08,IN0020240003,0.072454
2025-08-11,IN0020240003,0.072697
2025-08-12,IN0020240003,0.072314
2025-08-13,IN0020240003,0.072989
2025-08-14,IN0020240003,0.073316
2025-08-15,IN0020240003,0.073327
2025-08-18,IN0020240003,0.07293
2025-08-19,IN0020240003,0.073006
2025-08-20,IN0020240003,0.072063
2025-08-21,IN0020240003,0.072019
2025-08-22,IN0020240003,0.071981
2025-08-25,IN0020240003,0.071737
2025-08-26,IN0020240003,0.071911
2025-08-27,IN0020240003,0.071916
2025-08-28,IN0020240003,0.072228
2025-08-29,IN0020240003,0.071952
2025-09-01,IN0020240003,0.071662
2025-09-02,IN0020240003,0.071804
2025-09-03,IN0020240003,0.071416
2025-09-04,IN0020240003,0.071351
2025-09-05,IN0020240003,0.071026
2025-09-08,IN0020240003,0.070656
2025-09-09,IN0020240003,0.070519
2025-09-10,IN0020240003,0.070661
2025-09-11,IN0020240003,0.070772
2025-09-12,IN0020240003,0.070703
2025-09-15,IN0020240003,0.07073
2025-09-16,IN0020240003,0.070809
2025-09-17,IN0020240003,0.070417
2025-09-18,IN0020240003,0.070783
2025-09-19,IN0020240003,0.070663
2025-09-22,IN0020240003,0.071177
2025-09-23,IN0020240003,0.071873
2025-09-24,IN0020240003,0.071274
2025-09-25,IN0020240003,0.071412
2025-09-26,IN0020240003,0.071649
2025-09-29,IN0020240003,0.071968
2025-09-30,IN0020240003,0.071646
2025-10-01,IN0020240003,0.071762
2025-10-02,IN0020240003,0.071504
2025-10-03,IN0020240003,0.071421
2025-10-06,IN0020240003,0.071251
2025-10-07,IN0020240003,0.071477
2025-10-08,IN0020240003,0.071511
2025-10-09,IN0020240003,0.07065
2025-10-10,IN0020240003,0.070855
2025-10-13,IN0020240003,0.071116
2025-10-14,IN0020240003,0.071373
2025-10-15,IN0020240003,0.071402
2025-10-16,IN0020240003,0.07138
2025-10-17,IN0020240003,0.071321
2025-10-20,IN0020240003,0.071055
2025-10-21,IN0020240003,0.070916
2025-10-22,IN0020240003,0.070404
2025-10-23,IN0020240003,0.07057
2025-10-24,IN0020240003,0.070631
2025-10-27,IN0020240003,0.070698
2025-10-28,IN0020240003,0.070421
2025-10-29,IN0020240003,0.06989
2025-10-30,IN0020240003,0.070131
2025-10-31,IN0020240003,0.069919
2025-11-03,IN0020240003,0.06946
2025-11-04,IN0020240003,0.069934
2025-11-05,IN0020240003,0.070095
2025-11-06,IN0020240003,0.070111
2025-11-07,IN0020240003,0.070265
2025-11-10,IN0020240003,0.070177
2025-11-11,IN0020240003,0.069801
2025-11-12,IN0020240003,0.069836
2025-11-13,IN0020240003,0.070136
2025-11-14,IN0020240003,0.069881
2025-11-17,IN0020240003,0.069536
2025-11-18,IN0020240003,0.069353
2025-11-19,IN0020240003,0.069356
2025-11-20,IN0020240003,0.068993
2025-11-21,IN0020240003,0.069055
2025-11-24,IN0020240003,0.069167
2025-11-25,IN0020240003,0.069196
2025-11-26,IN0020240003,0.069636
2025-11-27,IN0020240003,0.068994
2025-11-28,IN0020240003,0.06902
2025-12-01,IN0020240003,0.06855
2025-12-02,IN0020240003,0.068431
2025-12-03,IN0020240003,0.068533
2025-12-04,IN0020240003,0.06849
2025-12-05,IN0020240003,0.068579
2025-12-08,IN0020240003,0.068622
2025-12-09,IN0020240003,0.068544
2025-12-10,IN0020240003,0.068567
2025-12-11,IN0020240003,0.068745
2025-12-12,IN0020240003,0.068591
2025-12-15,IN0020240003,0.068515
2025-12-16,IN0020240003,0.068926
2025-12-17,IN0020240003,0.069436
2025-12-18,IN0020240003,0.069672
2025-12-19,IN0020240003,0.069993
2025-12-22,IN0020240003,0.070373
2025-12-23,IN0020240003,0.070735
2025-12-24,IN0020240003,0.071277
2025-12-25,IN0020240003,0.070699
2025-12-26,IN0020240003,0.070743
2025-12-29,IN0020240003,0.070635
2025-12-30,IN0020240003,0.070534
2025-12-31,IN0020240003,0.070587
2026-01-01,IN0020240003,0.070109
2026-01-02,IN0020240003,0.069811
2026-01-05,IN0020240003,0.069181
2026-01-06,IN0020240003,0.06909
2026-01-07,IN0020240003,0.068869
2026-01-08,IN0020240003,0.069083
2026-01-09,IN0020240003,0.069255
2026-01-12,IN0020240003,0.06945
2026-01-13,IN0020240003,0.070043
2026-01-14,IN0020240003,0.069542
2026-01-15,IN0020240003,0.069646
2026-01-16,IN0020240003,0.069956
2026-01-19,IN0020240003,0.069555
2026-01-20,IN0020240003,0.069744
2026-01-21,IN0020240003,0.069734
2026-01-22,IN0020240003,0.069472
2026-01-23,IN0020240003,0.069311
2026-01-26,IN0020240003,0.069119
2026-01-27,IN0020240003,0.068874
2026-01-28,IN0020240003,0.068994
2026-01-29,IN0020240003,0.069266
2026-01-30,IN0020240003,0.069599
2026-02-02,IN0020240003,0.069862
2026-02-03,IN0020240003,0.069673
2026-02-04,IN0020240003,0.069759
2026-02-05,IN0020240003,0.070205
2026-02-06,IN0020240003,0.070162
2026-02-09,IN0020240003,0.070171
2026-02-10,IN0020240003,0.070443
2026-02-11,IN0020240003,0.071035
2026-02-12,IN0020240003,0.071014
2026-02-13,IN0020240003,0.070814
2026-02-16,IN0020240003,0.071014
2026-02-17,IN0020240003,0.070756
2026-02-18,IN0020240003,0.070793
2026-02-19,IN0020240003,0.070823
2026-02-20,IN0020240003,0.07097
2026-02-23,IN0020240003,0.070929
2026-02-24,IN0020240003,0.070776
2026-02-25,IN0020240003,0.070902
2026-02-26,IN0020240003,0.070979
2026-02-27,IN0020240003,0.070581
2026-03-02,IN0020240003,0.070853
2026-03-03,IN0020240003,0.071113
2026-03-04,IN0020240003,0.071197
2026-03-05,IN0020240003,0.071039
2026-03-06,IN0020240003,0.070653
2026-03-09,IN0020240003,0.070577
2026-03-10,IN0020240003,0.070445
2026-03-11,IN0020240003,0.070512
2026-03-12,IN0020240003,0.070688
2026-03-13,IN0020240003,0.070277
2026-03-16,IN0020240003,0.070053
2026-03-17,IN0020240003,0.069915
2026-03-18,IN0020240003,0.070323
2026-03-19,IN0020240003,0.071117
2026-03-20,IN0020240003,0.070796
2026-03-23,IN0020240003,0.070515
2026-03-24,IN0020240003,0.070265
2026-03-25,IN0020240003,0.070243
2026-03-26,IN0020240003,0.070108
2026-03-27,IN0020240003,0.069935
2026-03-30,IN0020240003,0.069722
2026-03-31,IN0020240003,0.069588
2026-04-01,IN0020240003,0.070012
2026-04-02,IN0020240003,0.069568
2026-04-03,IN0020240003,0.069602
2026-04-06,IN0020240003,0.069419
2026-04-07,IN0020240003,0.069249
2026-04-08,IN0020240003,0.069195
2026-04-09,IN0020240003,0.068953
2026-04-10,IN0020240003,0.069415
2026-04-13,IN0020240003,0.069602
2026-04-14,IN0020240003,0.069456
2026-04-15,IN0020240003,0.069661
2026-04-16,IN0020240003,0.070138
2026-04-17,IN0020240003,0.070069
2026-04-20,IN0020240003,0.069839
2026-04-21,IN0020240003,0.0703
2026-04-22,IN0020240003,0.070553
2026-04-23,IN0020240003,0.07105
2026-04-24,IN0020240003,0.070641
2026-04-27,IN0020240003,0.070797
2026-04-28,IN0020240003,0.07069
2026-04-29,IN0020240003,0.070662
2026-04-30,IN0020240003,0.070419
2026-05-01,IN0020240003,0.070307
2026-05-04,IN0020240003,0.070537
2026-05-05,IN0020240003,0.070332
2026-05-06,IN0020240003,0.07011
2026-05-07,IN0020240003,0.070368
2026-05-08,IN0020240003,0.070447
2026-05-11,IN0020240003,0.070478
2026-05-12,IN0020240003,0.07019
2026-05-13,IN0020240003,0.069548
2026-05-14,IN0020240003,0.069161
2026-05-15,IN0020240003,0.068992
2026-05-18,IN0020240003,0.069485
2026-05-19,IN0020240003,0.069151
2026-05-20,IN0020240003,0.069036
2026-05-21,IN0020240003,0.0694
2026-05-22,IN0020240003,0.069037
2026-05-25,IN0020240003,0.068869
2026-05-26,IN0020240003,0.069156
2026-05-27,IN0020240003,0.069709
2026-05-28,IN0020240003,0.069745
2026-05-29,IN0020240003,0.069868
2026-06-01,IN0020240003,0.070052
2026-06-02,IN0020240003,0.070156
2026-06-03,IN0020240003,0.070083
2026-06-04,IN0020240003,0.070211
2026-06-05,IN0020240003,0.070905
2026-06-08,IN0020240003,0.070866
2026-06-09,IN0020240003,0.070862
2026-06-10,IN0020240003,0.070277
2026-06-11,IN0020240003,0.070046
2026-06-12,IN0020240003,0.070177
2026-06-15,IN0020240003,0.070081
2026-06-16,IN0020240003,0.069726
2026-06-17,IN0020240003,0.070221
2026-06-18,IN0020240003,0.06992
2026-06-19,IN0020240003,0.069758
2026-06-22,IN0020240003,0.069861
2026-06-23,IN0020240003,0.069765
2026-06-24,IN0020240003,0.069612
2026-06-25,IN0020240003,0.069454
2026-06-26,IN0020240003,0.069612
2026-06-29,IN0020240003,0.069793
2026-06-30,IN0020240003,0.069582
2026-07-01,IN0020240003,0.069344
2026-07-02,IN0020240003,0.069539
2026-07-03,IN0020240003,0.069223
2026-07-06,IN0020240003,0.069733
2026-07-07,IN0020240003,0.069474
2026-07-08,IN0020240003,0.069884
2026-07-09,IN0020240003,0.070153
2026-07-10,IN0020240003,0.070026
2026-07-13,IN0020240003,0.070324
2026-07-14,IN0020240003,0.070442
2026-07-15,IN0020240003,0.070237
2026-07-16,IN0020240003,0.070814
2026-07-17,IN0020240003,0.070763
2026-07-20,IN0020240003,0.070799
2026-07-21,IN0020240003,0.07087
2026-07-22,IN0020240003,0.070667
2026-07-23,IN0020240003,0.0706
2026-07-24,IN0020240003,0.070829
2026-07-27,IN0020240003,0.071114
2026-07-28,IN0020240003,0.071433
2026-07-29,IN0020240003,0.071318
2026-07-30,IN0020240003,0.071224
2026-07-31,IN0020240003,0.070903
2026-08-03,IN0020240003,0.070902
2026-08-04,IN0020240003,0.07136
2026-08-05,IN0020240003,0.071398
2026-08-06,IN0020240003,0.071706
2026-08-07,IN0020240003,0.071722
2026-08-10,IN0020240003,0.071982
2026-08-11,IN0020240003,0.07156
2026-08-12,IN0020240003,0.071241
2026-08-13,IN0020240003,0.071337
2026-08-14,IN0020240003,0.071328
2026-08-17,IN0020240003,0.071505
2026-08-18,IN0020240003,0.071442
2026-08-19,IN0020240003,0.071369
2026-08-20,IN0020240003,0.071617
2026-08-21,IN0020240003,0.07125
2025-02-10,IN0020240004,0.068
2025-02-11,IN0020240004,0.068202
2025-02-12,IN0020240004,0.068802
2025-02-13,IN0020240004,0.069135
2025-02-14,IN0020240004,0.068823
2025-02-17,IN0020240004,0.068898
2025-02-18,IN0020240004,0.069081
2025-02-19,IN0020240004,0.068955
2025-02-20,IN0020240004,0.069057
2025-02-21,IN0020240004,0.069027
2025-02-24,IN0020240004,0.069107
2025-02-25,IN0020240004,0.068692
2025-02-26,IN0020240004,0.068405
2025-02-27,IN0020240004,0.067915
2025-02-28,IN0020240004,0.067384
2025-03-03,IN0020240004,0.066701
2025-03-04,IN0020240004,0.066208
2025-03-05,IN0020240004,0.066214
2025-03-06,IN0020240004,0.066406
2025-03-07,IN0020240004,0.066512
2025-03-10,IN0020240004,0.066151
2025-03-11,IN0020240004,0.06604
2025-03-12,IN0020240004,0.066059
2025-03-13,IN0020240004,0.065967
2025-03-14,IN0020240004,0.066265
2025-03-17,IN0020240004,0.066178
2025-03-18,IN0020240004,0.065682
2025-03-19,IN0020240004,0.065576
2025-03-20,IN0020240004,0.065764
2025-03-21,IN0020240004,0.065845
2025-03-24,IN0020240004,0.066496
2025-03-25,IN0020240004,0.067075
2025-03-26,IN0020240004,0.067057
2025-03-27,IN0020240004,0.066921
2025-03-28,IN0020240004,0.066879
2025-03-31,IN0020240004,0.066893
2025-04-01,IN0020240004,0.067262
2025-04-02,IN0020240004,0.067045
2025-04-03,IN0020240004,0.066819
2025-04-04,IN0020240004,0.066825
2025-04-07,IN0020240004,0.067099
2025-04-08,IN0020240004,0.067529
2025-04-09,IN0020240004,0.067687
2025-04-10,IN0020240004,0.067109
2025-04-11,IN0020240004,0.067099
2025-04-14,IN0020240004,0.066968
2025-04-15,IN0020240004,0.066715
2025-04-16,IN0020240004,0.067158
2025-04-17,IN0020240004,0.067047
2025-04-18,IN0020240004,0.067035
2025-04-21,IN0020240004,0.067253
2025-04-22,IN0020240004,0.067187
2025-04-23,IN0020240004,0.067395
2025-04-24,IN0020240004,0.067721
2025-04-25,IN0020240004,0.06782
2025-04-28,IN0020240004,0.068213
2025-04-29,IN0020240004,0.068114
2025-04-30,IN0020240004,0.067704
2025-05-01,IN0020240004,0.067649
2025-05-02,IN0020240004,0.067653
2025-05-05,IN0020240004,0.067781
2025-05-06,IN0020240004,0.067729
2025-05-07,IN0020240004,0.067388
2025-05-08,IN0020240004,0.067937
2025-05-09,IN0020240004,0.068674
2025-05-12,IN0020240004,0.068805
2025-05-13,IN0020240004,0.068937
2025-05-14,IN0020240004,0.069048
2025-05-15,IN0020240004,0.069109
2025-05-16,IN0020240004,0.069188
2025-05-19,IN0020240004,0.068966
2025-05-20,IN0020240004,0.068842
2025-05-21,IN0020240004,0.068988
2025-05-22,IN0020240004,0.068793
2025-05-23,IN0020240004,0.068534
2025-05-26,IN0020240004,0.068394
2025-05-27,IN0020240004,0.068442
2025-05-28,IN0020240004,0.068557
2025-05-29,IN0020240004,0.068512
2025-05-30,IN0020240004,0.068678
2025-06-02,IN0020240004,0.068975
2025-06-03,IN0020240004,0.068814
2025-06-04,IN0020240004,0.069051
2025-06-05,IN0020240004,0.068959
2025-06-06,IN0020240004,0.068551
2025-06-09,IN0020240004,0.068535
2025-06-10,IN0020240004,0.068593
2025-06-11,IN0020240004,0.06846
2025-06-12,IN0020240004,0.068358
2025-06-13,IN0020240004,0.068914
2025-06-16,IN0020240004,0.069409
2025-06-17,IN0020240004,0.069448
2025-06-18,IN0020240004,0.069319
2025-06-19,IN0020240004,0.069598
2025-06-20,IN0020240004,0.069471
2025-06-23,IN0020240004,0.069464
2025-06-24,IN0020240004,0.069233
2025-06-25,IN0020240004,0.069111
2025-06-26,IN0020240004,0.068473
2025-06-27,IN0020240004,0.068338
2025-06-30,IN0020240004,0.06835
2025-07-01,IN0020240004,0.068541
2025-07-02,IN0020240004,0.068906
2025-07-03,IN0020240004,0.068938
2025-07-04,IN0020240004,0.068983
2025-07-07,IN0020240004,0.06844
2025-07-08,IN0020240004,0.068667
2025-07-09,IN0020240004,0.069059
2025-07-10,IN0020240004,0.06856
2025-07-11,IN0020240004,0.068815
2025-07-14,IN0020240004,0.068787
2025-07-15,IN0020240004,0.068886
2025-07-16,IN0020240004,0.068982
2025-07-17,IN0020240004,0.06896
2025-07-18,IN0020240004,0.069269
2025-07-21,IN0020240004,0.069294
2025-07-22,IN0020240004,0.069032
2025-07-23,IN0020240004,0.069536
2025-07-24,IN0020240004,0.069376
2025-07-25,IN0020240004,0.069398
2025-07-28,IN0020240004,0.07008
2025-07-29,IN0020240004,0.069767
2025-07-30,IN0020240004,0.069911
2025-07-31,IN0020240004,0.069695
2025-08-01,IN0020240004,0.069579
2025-08-04,IN0020240004,0.069969
2025-08-05,IN0020240004,0.070518
2025-08-06,IN0020240004,0.070396
2025-08-07,IN0020240004,0.070081
2025-08-08,IN0020240004,0.070405
2025-08-11,IN0020240004,0.070252
2025-08-12,IN0020240004,0.070367
2025-08-13,IN0020240004,0.070012
2025-08-14,IN0020240004,0.069625
2025-08-15,IN0020240004,0.070285
2025-08-18,IN0020240004,0.070095
2025-08-19,IN0020240004,0.070213
2025-08-20,IN0020240004,0.070501
2025-08-21,IN0020240004,0.070555
2025-08-22,IN0020240004,0.070992
2025-08-25,IN0020240004,0.070979
2025-08-26,IN0020240004,0.071271
2025-08-27,IN0020240004,0.071546
2025-08-28,IN0020240004,0.071544
2025-08-29,IN0020240004,0.071594
2025-09-01,IN0020240004,0.071355
2025-09-02,IN0020240004,0.071388
2025-09-03,IN0020240004,0.071172
2025-09-04,IN0020240004,0.071405
2025-09-05,IN0020240004,0.071479
2025-09-08,IN0020240004,0.07093
2025-09-09,IN0020240004,0.071104
2025-09-10,IN0020240004,0.071224
2025-09-11,IN0020240004,0.070961
2025-09-12,IN0020240004,0.070941
2025-09-15,IN0020240004,0.071313
2025-09-16,IN0020240004,0.071086
2025-09-17,IN0020240004,0.070725
2025-09-18,IN0020240004,0.070504
2025-09-19,IN0020240004,0.070182
2025-09-22,IN0020240004,0.070278
2025-09-23,IN0020240004,0.070333
2025-09-24,IN0020240004,0.070423
2025-09-25,IN0020240004,0.070453
2025-09-26,IN0020240004,0.070527
2025-09-29,IN0020240004,0.070644
2025-09-30,IN0020240004,0.07078
2025-10-01,IN0020240004,0.070541
2025-10-02,IN0020240004,0.070693
2025-10-03,IN0020240004,0.070801
2025-10-06,IN0020240004,0.0702
2025-10-07,IN0020240004,0.070134
2025-10-08,IN0020240004,0.070326
2025-10-09,IN0020240004,0.070502
2025-10-10,IN0020240004,0.070322
2025-10-13,IN0020240004,0.070267
2025-10-14,IN0020240004,0.070136
2025-10-15,IN0020240004,0.07041
2025-10-16,IN0020240004,0.069898
2025-10-17,IN0020240004,0.069374
2025-10-20,IN0020240004,0.069263
2025-10-21,IN0020240004,0.06881
2025-10-22,IN0020240004,0.068536
2025-10-23,IN0020240004,0.06906
2025-10-24,IN0020240004,0.068987
2025-10-27,IN0020240004,0.069446
2025-10-28,IN0020240004,0.069431
2025-10-29,IN0020240004,0.069196
2025-10-30,IN0020240004,0.069037
2025-10-31,IN0020240004,0.068448
2025-11-03,IN0020240004,0.068572
2025-11-04,IN0020240004,0.068293
2025-11-05,IN0020240004,0.068392
2025-11-06,IN0020240004,0.068443
2025-11-07,IN0020240004,0.068408
2025-11-10,IN0020240004,0.069001
2025-11-11,IN0020240004,0.06814
2025-11-12,IN0020240004,0.067826
2025-11-13,IN0020240004,0.067706
2025-11-14,IN0020240004,0.067916
2025-11-17,IN0020240004,0.067471
2025-11-18,IN0020240004,0.066818
2025-11-19,IN0020240004,0.06699
2025-11-20,IN0020240004,0.067298
2025-11-21,IN0020240004,0.067626
2025-11-24,IN0020240004,0.06752
2025-11-25,IN0020240004,0.067748
2025-11-26,IN0020240004,0.067702
2025-11-27,IN0020240004,0.067533
2025-11-28,IN0020240004,0.067179
2025-12-01,IN0020240004,0.06751
2025-12-02,IN0020240004,0.067609
2025-12-03,IN0020240004,0.067387
2025-12-04,IN0020240004,0.067443
2025-12-05,IN0020240004,0.067177
2025-12-08,IN0020240004,0.06686
2025-12-09,IN0020240004,0.066331
2025-12-10,IN0020240004,0.066334
2025-12-11,IN0020240004,0.06657
2025-12-12,IN0020240004,0.066431
2025-12-15,IN0020240004,0.067096
2025-12-16,IN0020240004,0.066502
2025-12-17,IN0020240004,0.066744
2025-12-18,IN0020240004,0.066571
2025-12-19,IN0020240004,0.066236
2025-12-22,IN0020240004,0.06586
2025-12-23,IN0020240004,0.066348
2025-12-24,IN0020240004,0.066372
2025-12-25,IN0020240004,0.066485
2025-12-26,IN0020240004,0.066754
2025-12-29,IN0020240004,0.0668
2025-12-30,IN0020240004,0.066746
2025-12-31,IN0020240004,0.066633
2026-01-01,IN0020240004,0.066882
2026-01-02,IN0020240004,0.067066
2026-01-05,IN0020240004,0.067251
2026-01-06,IN0020240004,0.067596
2026-01-07,IN0020240004,0.067461
2026-01-08,IN0020240004,0.067239
2026-01-09,IN0020240004,0.067099
2026-01-12,IN0020240004,0.067353
2026-01-13,IN0020240004,0.067421
2026-01-14,IN0020240004,0.067225
2026-01-15,IN0020240004,0.067098
2026-01-16,IN0020240004,0.067031
2026-01-19,IN0020240004,0.066811
2026-01-20,IN0020240004,0.066868
2026-01-21,IN0020240004,0.066748
2026-01-22,IN0020240004,0.066846
2026-01-23,IN0020240004,0.066935
2026-01-26,IN0020240004,0.066843
2026-01-27,IN0020240004,0.066653
2026-01-28,IN0020240004,0.067298
2026-01-29,IN0020240004,0.067229
2026-01-30,IN0020240004,0.067242
2026-02-02,IN0020240004,0.067768
2026-02-03,IN0020240004,0.067697
2026-02-04,IN0020240004,0.067656
2026-02-05,IN0020240004,0.067528
2026-02-06,IN0020240004,0.067874
2026-02-09,IN0020240004,0.067366
2026-02-10,IN0020240004,0.06694
2026-02-11,IN0020240004,0.066876
2026-02-12,IN0020240004,0.066593
2026-02-13,IN0020240004,0.066778
2026-02-16,IN0020240004,0.067481
2026-02-17,IN0020240004,0.067308
2026-02-18,IN0020240004,0.067305
2026-02-19,IN0020240004,0.0671
2026-02-20,IN0020240004,0.066899
2026-02-23,IN0020240004,0.067701
2026-02-24,IN0020240004,0.067519
2026-02-25,IN0020240004,0.067484
2026-02-26,IN0020240004,0.067875
2026-02-27,IN0020240004,0.067707
2026-03-02,IN0020240004,0.067576
2026-03-03,IN0020240004,0.067144
2026-03-04,IN0020240004,0.067344
2026-03-05,IN0020240004,0.06784
2026-03-06,IN0020240004,0.067628
2026-03-09,IN0020240004,0.067863
2026-03-10,IN0020240004,0.067864
2026-03-11,IN0020240004,0.067487
2026-03-12,IN0020240004,0.06759
2026-03-13,IN0020240004,0.067574
2026-03-16,IN0020240004,0.067621
2026-03-17,IN0020240004,0.067889
2026-03-18,IN0020240004,0.067803
2026-03-19,IN0020240004,0.067933
2026-03-20,IN0020240004,0.068021
2026-03-23,IN0020240004,0.067792
2026-03-24,IN0020240004,0.067852
2026-03-25,IN0020240004,0.068085
2026-03-26,IN0020240004,0.067951
2026-03-27,IN0020240004,0.067886
2026-03-30,IN0020240004,0.068197
2026-03-31,IN0020240004,0.068388
2026-04-01,IN0020240004,0.06856
2026-04-02,IN0020240004,0.068068
2026-04-03,IN0020240004,0.068197
2026-04-06,IN0020240004,0.068182
2026-04-07,IN0020240004,0.067643
2026-04-08,IN0020240004,0.067674
2026-04-09,IN0020240004,0.067386
2026-04-10,IN0020240004,0.067487
2026-04-13,IN0020240004,0.067768
2026-04-14,IN0020240004,0.067527
2026-04-15,IN0020240004,0.067474
2026-04-16,IN0020240004,0.067688
2026-04-17,IN0020240004,0.06837
2026-04-20,IN0020240004,0.068105
2026-04-21,IN0020240004,0.068314
2026-04-22,IN0020240004,0.067791
2026-04-23,IN0020240004,0.067494
2026-04-24,IN0020240004,0.067031
2026-04-27,IN0020240004,0.067412
2026-04-28,IN0020240004,0.06749
2026-04-29,IN0020240004,0.067249
2026-04-30,IN0020240004,0.06685
2026-05-01,IN0020240004,0.066856
2026-05-04,IN0020240004,0.06698
2026-05-05,IN0020240004,0.067439
2026-05-06,IN0020240004,0.067046
2026-05-07,IN0020240004,0.067014
2026-05-08,IN0020240004,0.06716
2026-05-11,IN0020240004,0.067329
2026-05-12,IN0020240004,0.067638
2026-05-13,IN0020240004,0.06762
2026-05-14,IN0020240004,0.06784
2026-05-15,IN0020240004,0.067532
2026-05-18,IN0020240004,0.067819
2026-05-19,IN0020240004,0.068185
2026-05-20,IN0020240004,0.068003
2026-05-21,IN0020240004,0.067803
2026-05-22,IN0020240004,0.068332
2026-05-25,IN0020240004,0.068004
2026-05-26,IN0020240004,0.068006
2026-05-27,IN0020240004,0.068198
2026-05-28,IN0020240004,0.068161
2026-05-29,IN0020240004,0.068266
2026-06-01,IN0020240004,0.06822
2026-06-02,IN0020240004,0.067899
2026-06-03,IN0020240004,0.068016
2026-06-04,IN0020240004,0.06771
2026-06-05,IN0020240004,0.067264
2026-06-08,IN0020240004,0.066741
2026-06-09,IN0020240004,0.066659
2026-06-10,IN0020240004,0.066567
2026-06-11,IN0020240004,0.066431
2026-06-12,IN0020240004,0.066305
2026-06-15,IN0020240004,0.065797
2026-06-16,IN0020240004,0.065832
2026-06-17,IN0020240004,0.066291
2026-06-18,IN0020240004,0.066521
2026-06-19,IN0020240004,0.066474
2026-06-22,IN0020240004,0.066649
2026-06-23,IN0020240004,0.066506
2026-06-24,IN0020240004,0.066645
2026-06-25,IN0020240004,0.067215
2026-06-26,IN0020240004,0.067394
2026-06-29,IN0020240004,0.067526
2026-06-30,IN0020240004,0.068173
2026-07-01,IN0020240004,0.068373
2026-07-02,IN0020240004,0.068027
2026-07-03,IN0020240004,0.067529
2026-07-06,IN0020240004,0.066719
2026-07-07,IN0020240004,0.067134
2026-07-08,IN0020240004,0.067652
2026-07-09,IN0020240004,0.067711
2026-07-10,IN0020240004,0.068299
2026-07-13,IN0020240004,0.068576
2026-07-14,IN0020240004,0.068462
2026-07-15,IN0020240004,0.069017
2026-07-16,IN0020240004,0.068934
2026-07-17,IN0020240004,0.068412
2026-07-20,IN0020240004,0.06823
2026-07-21,IN0020240004,0.068645
2026-07-22,IN0020240004,0.068902
2026-07-23,IN0020240004,0.068504
2026-07-24,IN0020240004,0.068094
2026-07-27,IN0020240004,0.067849
2026-07-28,IN0020240004,0.067461
2026-07-29,IN0020240004,0.067714
2026-07-30,IN0020240004,0.068077
2026-07-31,IN0020240004,0.067837
2026-08-03,IN0020240004,0.067723
2026-08-04,IN0020240004,0.067905
2026-08-05,IN0020240004,0.067834
2026-08-06,IN0020240004,0.06776
2026-08-07,IN0020240004,0.067762
2026-08-10,IN0020240004,0.067475
2026-08-11,IN0020240004,0.067608
2026-08-12,IN0020240004,0.067299
2026-08-13,IN0020240004,0.067119
2026-08-14,IN0020240004,0.067498
2026-08-17,IN0020240004,0.067392
2026-08-18,IN0020240004,0.067227
2026-08-19,IN0020240004,0.067129
2026-08-20,IN0020240004,0.067363
2026-08-21,IN0020240004,0.06686
2025-02-10,IN0020240005,0.0718
2025-02-11,IN0020240005,0.072301
2025-02-12,IN0020240005,0.072138
2025-02-13,IN0020240005,0.071764
2025-02-14,IN0020240005,0.07212
2025-02-17,IN0020240005,0.072086
2025-02-18,IN0020240005,0.071562
2025-02-19,IN0020240005,0.071861
2025-02-20,IN0020240005,0.071383
2025-02-21,IN0020240005,0.07105
2025-02-24,IN0020240005,0.071145
2025-02-25,IN0020240005,0.071242
2025-02-26,IN0020240005,0.070869
2025-02-27,IN0020240005,0.071172
2025-02-28,IN0020240005,0.071399
2025-03-03,IN0020240005,0.070877
2025-03-04,IN0020240005,0.07069
2025-03-05,IN0020240005,0.070335
2025-03-06,IN0020240005,0.070379
2025-03-07,IN0020240005,0.070728
2025-03-10,IN0020240005,0.071053
2025-03-11,IN0020240005,0.070978
2025-03-12,IN0020240005,0.071052
2025-03-13,IN0020240005,0.071089
2025-03-14,IN0020240005,0.070994
2025-03-17,IN0020240005,0.071017
2025-03-18,IN0020240005,0.07104
2025-03-19,IN0020240005,0.070603
2025-03-20,IN0020240005,0.070588
2025-03-21,IN0020240005,0.070427
2025-03-24,IN0020240005,0.070576
2025-03-25,IN0020240005,0.070935
2025-03-26,IN0020240005,0.0704
2025-03-27,IN0020240005,0.070517
2025-03-28,IN0020240005,0.07039
2025-03-31,IN0020240005,0.070465
2025-04-01,IN0020240005,0.070764
2025-04-02,IN0020240005,0.070627
2025-04-03,IN0020240005,0.071088
2025-04-04,IN0020240005,0.070831
2025-04-07,IN0020240005,0.071349
2025-04-08,IN0020240005,0.07124
2025-04-09,IN0020240005,0.070503
2025-04-10,IN0020240005,0.071568
2025-04-11,IN0020240005,0.071341
2025-04-14,IN0020240005,0.071461
2025-04-15,IN0020240005,0.071727
2025-04-16,IN0020240005,0.071777
2025-04-17,IN0020240005,0.071853
2025-04-18,IN0020240005,0.072228
2025-04-21,IN0020240005,0.071733
2025-04-22,IN0020240005,0.072144
2025-04-23,IN0020240005,0.072511
2025-04-24,IN0020240005,0.072875
2025-04-25,IN0020240005,0.073221
2025-04-28,IN0020240005,0.073612
2025-04-29,IN0020240005,0.073398
2025-04-30,IN0020240005,0.073321
2025-05-01,IN0020240005,0.073056
2025-05-02,IN0020240005,0.072972
2025-05-05,IN0020240005,0.072695
2025-05-06,IN0020240005,0.072901
2025-05-07,IN0020240005,0.073022
2025-05-08,IN0020240005,0.072616
2025-05-09,IN0020240005,0.07306
2025-05-12,IN0020240005,0.073019
2025-05-13,IN0020240005,0.073189
2025-05-14,IN0020240005,0.07309
2025-05-15,IN0020240005,0.072889
2025-05-16,IN0020240005,0.072663
2025-05-19,IN0020240005,0.072373
2025-05-20,IN0020240005,0.072623
2025-05-21,IN0020240005,0.07218
2025-05-22,IN0020240005,0.072353
2025-05-23,IN0020240005,0.072605
2025-05-26,IN0020240005,0.07261
2025-05-27,IN0020240005,0.072625
2025-05-28,IN0020240005,0.072182
2025-05-29,IN0020240005,0.072
2025-05-30,IN0020240005,0.072136
2025-06-02,IN0020240005,0.071608
2025-06-03,IN0020240005,0.071625
2025-06-04,IN0020240005,0.071715
2025-06-05,IN0020240005,0.072459
2025-06-06,IN0020240005,0.07256
2025-06-09,IN0020240005,0.072496
2025-06-10,IN0020240005,0.07195
2025-06-11,IN0020240005,0.072261
2025-06-12,IN0020240005,0.071573
2025-06-13,IN0020240005,0.07135
2025-06-16,IN0020240005,0.071633
2025-06-17,IN0020240005,0.071879
2025-06-18,IN0020240005,0.071701
2025-06-19,IN0020240005,0.071769
2025-06-20,IN0020240005,0.071375
2025-06-23,IN0020240005,0.071423
2025-06-24,IN0020240005,0.071485
2025-06-25,IN0020240005,0.071772
2025-06-26,IN0020240005,0.071965
2025-06-27,IN0020240005,0.071663
2025-06-30,IN0020240005,0.071943
2025-07-01,IN0020240005,0.071643
2025-07-02,IN0020240005,0.07147
2025-07-03,IN0020240005,0.071018
2025-07-04,IN0020240005,0.070988
2025-07-07,IN0020240005,0.070781
2025-07-08,IN0020240005,0.070606
2025-07-09,IN0020240005,0.070124
2025-07-10,IN0020240005,0.069754
2025-07-11,IN0020240005,0.069954
2025-07-14,IN0020240005,0.069961
2025-07-15,IN0020240005,0.070031
2025-07-16,IN0020240005,0.069783
2025-07-17,IN0020240005,0.070034
2025-07-18,IN0020240005,0.06996
2025-07-21,IN0020240005,0.070092
2025-07-22,IN0020240005,0.070242
2025-07-23,IN0020240005,0.070419
2025-07-24,IN0020240005,0.070456
2025-07-25,IN0020240005,0.071061
2025-07-28,IN0020240005,0.071358
2025-07-29,IN0020240005,0.07144
2025-07-30,IN0020240005,0.071019
2025-07-31,IN0020240005,0.070915
2025-08-01,IN0020240005,0.070807
2025-08-04,IN0020240005,0.070529
2025-08-05,IN0020240005,0.0702
2025-08-06,IN0020240005,0.070094
2025-08-07,IN0020240005,0.070255
2025-08-08,IN0020240005,0.070256
2025-08-11,IN0020240005,0.069975
2025-08-12,IN0020240005,0.07023
2025-08-13,IN0020240005,0.070463
2025-08-14,IN0020240005,0.070805
2025-08-15,IN0020240005,0.071237
2025-08-18,IN0020240005,0.071261
2025-08-19,IN0020240005,0.071437
2025-08-20,IN0020240005,0.071517
2025-08-21,IN0020240005,0.071171
2025-08-22,IN0020240005,0.071335
2025-08-25,IN0020240005,0.071072
2025-08-26,IN0020240005,0.070863
2025-08-27,IN0020240005,0.070851
2025-08-28,IN0020240005,0.070663
2025-08-29,IN0020240005,0.07042
2025-09-01,IN0020240005,0.070192
2025-09-02,IN0020240005,0.070374
2025-09-03,IN0020240005,0.070508
2025-09-04,IN0020240005,0.070562
2025-09-05,IN0020240005,0.070617
2025-09-08,IN0020240005,0.070881
2025-09-09,IN0020240005,0.071362
2025-09-10,IN0020240005,0.071153
2025-09-11,IN0020240005,0.071241
2025-09-12,IN0020240005,0.07165
2025-09-15,IN0020240005,0.072083
2025-09-16,IN0020240005,0.072135
2025-09-17,IN0020240005,0.071982
2025-09-18,IN0020240005,0.072083
2025-09-19,IN0020240005,0.072058
2025-09-22,IN0020240005,0.072291
2025-09-23,IN0020240005,0.071953
2025-09-24,IN0020240005,0.072363
2025-09-25,IN0020240005,0.072051
2025-09-26,IN0020240005,0.071998
2025-09-29,IN0020240005,0.071938
2025-09-30,IN0020240005,0.072319
2025-10-01,IN0020240005,0.072437
2025-10-02,IN0020240005,0.072517
2025-10-03,IN0020240005,0.072569
2025-10-06,IN0020240005,0.072628
2025-10-07,IN0020240005,0.072669
2025-10-08,IN0020240005,0.072527
2025-10-09,IN0020240005,0.072992
2025-10-10,IN0020240005,0.073471
2025-10-13,IN0020240005,0.073123
2025-10-14,IN0020240005,0.073036
2025-10-15,IN0020240005,0.072672
2025-10-16,IN0020240005,0.072969
2025-10-17,IN0020240005,0.073368
2025-10-20,IN0020240005,0.072862
2025-10-21,IN0020240005,0.073235
2025-10-22,IN0020240005,0.07354
2025-10-23,IN0020240005,0.073578
2025-10-24,IN0020240005,0.073961
2025-10-27,IN0020240005,0.073408
2025-10-28,IN0020240005,0.073746
2025-10-29,IN0020240005,0.073481
2025-10-30,IN0020240005,0.073482
2025-10-31,IN0020240005,0.073314
2025-11-03,IN0020240005,0.073658
2025-11-04,IN0020240005,0.073328
2025-11-05,IN0020240005,0.073122
2025-11-06,IN0020240005,0.073056
2025-11-07,IN0020240005,0.073026
2025-11-10,IN0020240005,0.073234
2025-11-11,IN0020240005,0.073044
2025-11-12,IN0020240005,0.072994
2025-11-13,IN0020240005,0.072693
2025-11-14,IN0020240005,0.072626
2025-11-17,IN0020240005,0.072534
2025-11-18,IN0020240005,0.073413
2025-11-19,IN0020240005,0.072857
2025-11-20,IN0020240005,0.072205
2025-11-21,IN0020240005,0.071601
2025-11-24,IN0020240005,0.071658
2025-11-25,IN0020240005,0.07182
2025-11-26,IN0020240005,0.071244
2025-11-27,IN0020240005,0.07111
2025-11-28,IN0020240005,0.071022
2025-12-01,IN0020240005,0.070749
2025-12-02,IN0020240005,0.070751
2025-12-03,IN0020240005,0.070681
2025-12-04,IN0020240005,0.070848
2025-12-05,IN0020240005,0.070711
2025-12-08,IN0020240005,0.070425
2025-12-09,IN0020240005,0.070689
2025-12-10,IN0020240005,0.070775
2025-12-11,IN0020240005,0.070819
2025-12-12,IN0020240005,0.071153
2025-12-15,IN0020240005,0.071123
2025-12-16,IN0020240005,0.071535
2025-12-17,IN0020240005,0.071408
2025-12-18,IN0020240005,0.071178
2025-12-19,IN0020240005,0.071323
2025-12-22,IN0020240005,0.071887
2025-12-23,IN0020240005,0.07164
2025-12-24,IN0020240005,0.071398
2025-12-25,IN0020240005,0.071675
2025-12-26,IN0020240005,0.07216
2025-12-29,IN0020240005,0.072311
2025-12-30,IN0020240005,0.072179
2025-12-31,IN0020240005,0.072348
2026-01-01,IN0020240005,0.072274
2026-01-02,IN0020240005,0.072816
2026-01-05,IN0020240005,0.072668
2026-01-06,IN0020240005,0.072837
2026-01-07,IN0020240005,0.072717
2026-01-08,IN0020240005,0.072815
2026-01-09,IN0020240005,0.073119
2026-01-12,IN0020240005,0.073619
2026-01-13,IN0020240005,0.073116
2026-01-14,IN0020240005,0.073194
2026-01-15,IN0020240005,0.073236
2026-01-16,IN0020240005,0.073429
2026-01-19,IN0020240005,0.073393
2026-01-20,IN0020240005,0.073429
2026-01-21,IN0020240005,0.073138
2026-01-22,IN0020240005,0.072834
2026-01-23,IN0020240005,0.073055
2026-01-26,IN0020240005,0.072996
2026-01-27,IN0020240005,0.073587
2026-01-28,IN0020240005,0.073376
2026-01-29,IN0020240005,0.072887
2026-01-30,IN0020240005,0.073102
2026-02-02,IN0020240005,0.072661
2026-02-03,IN0020240005,0.072491
2026-02-04,IN0020240005,0.072713
2026-02-05,IN0020240005,0.072408
2026-02-06,IN0020240005,0.071888
2026-02-09,IN0020240005,0.072177
2026-02-10,IN0020240005,0.072162
2026-02-11,IN0020240005,0.072013
2026-02-12,IN0020240005,0.071618
2026-02-13,IN0020240005,0.071423
2026-02-16,IN0020240005,0.072074
2026-02-17,IN0020240005,0.071601
2026-02-18,IN0020240005,0.071068
2026-02-19,IN0020240005,0.070832
2026-02-20,IN0020240005,0.071131
2026-02-23,IN0020240005,0.07153
2026-02-24,IN0020240005,0.071209
2026-02-25,IN0020240005,0.070794
2026-02-26,IN0020240005,0.070875
2026-02-27,IN0020240005,0.070323
2026-03-02,IN0020240005,0.069886
2026-03-03,IN0020240005,0.070341
2026-03-04,IN0020240005,0.07036
2026-03-05,IN0020240005,0.070074
2026-03-06,IN0020240005,0.070021
2026-03-09,IN0020240005,0.069953
2026-03-10,IN0020240005,0.069819
2026-03-11,IN0020240005,0.06952
2026-03-12,IN0020240005,0.069317
2026-03-13,IN0020240005,0.069353
2026-03-16,IN0020240005,0.069835
2026-03-17,IN0020240005,0.069352
2026-03-18,IN0020240005,0.069765
2026-03-19,IN0020240005,0.069869
2026-03-20,IN0020240005,0.069598
2026-03-23,IN0020240005,0.069656
2026-03-24,IN0020240005,0.070182
2026-03-25,IN0020240005,0.070632
2026-03-26,IN0020240005,0.070162
2026-03-27,IN0020240005,0.070548
2026-03-30,IN0020240005,0.070749
2026-03-31,IN0020240005,0.070637
2026-04-01,IN0020240005,0.070452
2026-04-02,IN0020240005,0.070812
2026-04-03,IN0020240005,0.070876
2026-04-06,IN0020240005,0.071012
2026-04-07,IN0020240005,0.071299
2026-04-08,IN0020240005,0.071931
2026-04-09,IN0020240005,0.071773
2026-04-10,IN0020240005,0.071921
2026-04-13,IN0020240005,0.071917
2026-04-14,IN0020240005,0.071806
2026-04-15,IN0020240005,0.071902
2026-04-16,IN0020240005,0.072095
2026-04-17,IN0020240005,0.072106
2026-04-20,IN0020240005,0.072606
2026-04-21,IN0020240005,0.072126
2026-04-22,IN0020240005,0.071976
2026-04-23,IN0020240005,0.072513
2026-04-24,IN0020240005,0.072046
2026-04-27,IN0020240005,0.07238
2026-04-28,IN0020240005,0.07232
2026-04-29,IN0020240005,0.072316
2026-04-30,IN0020240005,0.071937
2026-05-01,IN0020240005,0.072424
2026-05-04,IN0020240005,0.072524
2026-05-05,IN0020240005,0.07227
2026-05-06,IN0020240005,0.072598
2026-05-07,IN0020240005,0.072898
2026-05-08,IN0020240005,0.072893
2026-05-11,IN0020240005,0.072485
2026-05-12,IN0020240005,0.072019
2026-05-13,IN0020240005,0.072361
2026-05-14,IN0020240005,0.07213
2026-05-15,IN0020240005,0.072454
2026-05-18,IN0020240005,0.072808
2026-05-19,IN0020240005,0.072683
2026-05-20,IN0020240005,0.072768
2026-05-21,IN0020240005,0.072766
2026-05-22,IN0020240005,0.07262
2026-05-25,IN0020240005,0.072513
2026-05-26,IN0020240005,0.072447
2026-05-27,IN0020240005,0.072301
2026-05-28,IN0020240005,0.072168
2026-05-29,IN0020240005,0.072352
2026-06-01,IN0020240005,0.072144
2026-06-02,IN0020240005,0.07223
2026-06-03,IN0020240005,0.07268
2026-06-04,IN0020240005,0.072865
2026-06-05,IN0020240005,0.072942
2026-06-08,IN0020240005,0.072857
2026-06-09,IN0020240005,0.072937
2026-06-10,IN0020240005,0.072856
2026-06-11,IN0020240005,0.072782
2026-06-12,IN0020240005,0.072539
2026-06-15,IN0020240005,0.073191
2026-06-16,IN0020240005,0.073408
2026-06-17,IN0020240005,0.073226
2026-06-18,IN0020240005,0.072981
2026-06-19,IN0020240005,0.072989
2026-06-22,IN0020240005,0.073445
2026-06-23,IN0020240005,0.07316
2026-06-24,IN0020240005,0.07327
2026-06-25,IN0020240005,0.073301
2026-06-26,IN0020240005,0.073474
2026-06-29,IN0020240005,0.072959
2026-06-30,IN0020240005,0.072888
2026-07-01,IN0020240005,0.073211
2026-07-02,IN0020240005,0.073204
2026-07-03,IN0020240005,0.073109
2026-07-06,IN0020240005,0.072829
2026-07-07,IN0020240005,0.072742
2026-07-08,IN0020240005,0.072564
2026-07-09,IN0020240005,0.072443
2026-07-10,IN0020240005,0.072429
2026-07-13,IN0020240005,0.071887
2026-07-14,IN0020240005,0.072055
2026-07-15,IN0020240005,0.072167
2026-07-16,IN0020240005,0.072248
2026-07-17,IN0020240005,0.072222
2026-07-20,IN0020240005,0.072859
2026-07-21,IN0020240005,0.072404
2026-07-22,IN0020240005,0.072465
2026-07-23,IN0020240005,0.07204
2026-07-24,IN0020240005,0.071718
2026-07-27,IN0020240005,0.071776
2026-07-28,IN0020240005,0.071875
2026-07-29,IN0020240005,0.071654
2026-07-30,IN0020240005,0.071673
2026-07-31,IN0020240005,0.072312
2026-08-03,IN0020240005,0.072208
2026-08-04,IN0020240005,0.071679
2026-08-05,IN0020240005,0.072009
2026-08-06,IN0020240005,0.071735
2026-08-07,IN0020240005,0.071935
2026-08-10,IN0020240005,0.071688
2026-08-11,IN0020240005,0.072159
2026-08-12,IN0020240005,0.07229
2026-08-13,IN0020240005,0.072531
2026-08-14,IN0020240005,0.072574
2026-08-17,IN0020240005,0.072862
2026-08-18,IN0020240005,0.073336
2026-08-19,IN0020240005,0.073304
2026-08-20,IN0020240005,0.072886
2026-08-21,IN0020240005,0.072915
