date,pair,rate,bid,ask
2025-02-10,USDINR,83.2,83.1834,83.2166
2025-02-11,USDINR,83.6595,83.6427,83.6762
2025-02-12,USDINR,83.9907,83.9739,84.0075
2025-02-13,USDINR,84.0581,84.0413,84.0749
2025-02-14,USDINR,83.9185,83.9017,83.9353
2025-02-17,USDINR,83.8133,83.7966,83.8301
2025-02-18,USDINR,82.9766,82.96,82.9932
2025-02-19,USDINR,83.0561,83.0395,83.0727
2025-02-20,USDINR,82.8981,82.8815,82.9146
2025-02-21,USDINR,83.0231,83.0065,83.0397
2025-02-24,USDINR,83.1593,83.1427,83.176
2025-02-25,USDINR,83.6029,83.5862,83.6196
2025-02-26,USDINR,83.464,83.4473,83.4807
2025-02-27,USDINR,83.5712,83.5545,83.5879
2025-02-28,USDINR,84.1071,84.0903,84.1239
2025-03-03,USDINR,83.8832,83.8665,83.9
2025-03-04,USDINR,83.8794,83.8626,83.8962
2025-03-05,USDINR,83.8825,83.8657,83.8993
2025-03-06,USDINR,83.4194,83.4027,83.4361
2025-03-07,USDINR,83.5414,83.5246,83.5581
2025-03-10,USDINR,83.1376,83.121,83.1542
2025-03-11,USDINR,83.6089,83.5922,83.6256
2025-03-12,USDINR,83.1558,83.1392,83.1725
2025-03-13,USDINR,83.2449,83.2283,83.2616
2025-03-14,USDINR,83.2126,83.196,83.2293
2025-03-17,USDINR,83.3394,83.3227,83.3561
2025-03-18,USDINR,83.4962,83.4795,83.5129
2025-03-19,USDINR,83.1878,83.1711,83.2044
2025-03-20,USDINR,83.3295,83.3128,83.3462
2025-03-21,USDINR,83.121,83.1044,83.1377
2025-03-24,USDINR,83.3466,83.3299,83.3632
2025-03-25,USDINR,82.9414,82.9248,82.958
2025-03-26,USDINR,82.6976,82.681,82.7141
2025-03-27,USDINR,82.6938,82.6773,82.7103
2025-03-28,USDINR,82.9524,82.9358,82.969
2025-03-31,USDINR,82.8556,82.839,82.8721
2025-04-01,USDINR,82.8207,82.8042,82.8373
2025-04-02,USDINR,83.291,83.2743,83.3077
2025-04-03,USDINR,83.527,83.5103,83.5437
2025-04-04,USDINR,83.5113,83.4945,83.528
2025-04-07,USDINR,83.3112,83.2945,83.3278
2025-04-08,USDINR,83.099,83.0823,83.1156
2025-04-09,USDINR,82.9505,82.9339,82.9671
2025-04-10,USDINR,82.6856,82.6691,82.7021
2025-04-11,USDINR,82.8126,82.796,82.8292
2025-04-14,USDINR,83.0094,82.9928,83.0261
2025-04-15,USDINR,83.27,83.2534,83.2867
2025-04-16,USDINR,82.9438,82.9272,82.9603
2025-04-17,USDINR,82.9225,82.9059,82.939
2025-04-18,USDINR,82.7488,82.7322,82.7653
2025-04-21,USDINR,83.4145,83.3978,83.4311
2025-04-22,USDINR,83.7699,83.7531,83.7866
2025-04-23,USDINR,83.2171,83.2004,83.2337
2025-04-24,USDINR,83.5958,83.5791,83.6125
2025-04-25,USDINR,83.8772,83.8604,83.894
2025-04-28,USDINR,83.9382,83.9214,83.955
2025-04-29,USDINR,84.2474,84.2306,84.2643
2025-04-30,USDINR,84.5651,84.5482,84.582
2025-05-01,USDINR,84.525,84.5081,84.5419
2025-05-02,USDINR,84.6951,84.6781,84.712
2025-05-05,USDINR,84.5094,84.4925,84.5263
2025-05-06,USDINR,84.4374,84.4205,84.4543
2025-05-07,USDINR,84.4246,84.4077,84.4415
2025-05-08,USDINR,84.5894,84.5725,84.6063
2025-05-09,USDINR,84.5275,84.5106,84.5445
2025-05-12,USDINR,84.4901,84.4732,84.507
2025-05-13,USDINR,84.5773,84.5603,84.5942
2025-05-14,USDINR,84.0594,84.0426,84.0762
2025-05-15,USDINR,84.1344,84.1176,84.1512
2025-05-16,USDINR,84.3978,84.3809,84.4147
2025-05-19,USDINR,84.6818,84.6648,84.6987
2025-05-20,USDINR,84.8472,84.8302,84.8641
2025-05-21,USDINR,84.5773,84.5604,84.5942
2025-05-22,USDINR,84.7356,84.7187,84.7526
2025-05-23,USDINR,84.9865,84.9695,85.0035
2025-05-26,USDINR,85.1038,85.0868,85.1208
2025-05-27,USDINR,84.8839,84.8669,84.9008
2025-05-28,USDINR,84.9731,84.9561,84.9901
2025-05-29,USDINR,84.7332,84.7162,84.7501
2025-05-30,USDINR,84.3825,84.3656,84.3994
2025-06-02,USDINR,84.6045,84.5876,84.6215
2025-06-03,USDINR,84.7458,84.7288,84.7627
2025-06-04,USDINR,85.1786,85.1616,85.1956
2025-06-05,USDINR,85.569,85.5519,85.5861
2025-06-06,USDINR,85.3239,85.3068,85.341
2025-06-09,USDINR,85.1521,85.1351,85.1692
2025-06-10,USDINR,85.5741,85.557,85.5912
2025-06-11,USDINR,85.188,85.171,85.2051
2025-06-12,USDINR,85.2493,85.2323,85.2664
2025-06-13,USDINR,85.0422,85.0252,85.0592
2025-06-16,USDINR,84.7802,84.7632,84.7971
2025-06-17,USDINR,84.7586,84.7417,84.7756
2025-06-18,USDINR,85.0565,85.0395,85.0736
2025-06-19,USDINR,85.0184,85.0014,85.0354
2025-06-20,USDINR,84.9305,84.9135,84.9475
2025-06-23,USDINR,84.6227,84.6058,84.6396
2025-06-24,USDINR,84.448,84.4311,84.4649
2025-06-25,USDINR,84.4065,84.3896,84.4234
2025-06-26,USDINR,84.3289,84.312,84.3458
2025-06-27,USDINR,84.8415,84.8245,84.8584
2025-06-30,USDINR,84.6693,84.6524,84.6863
2025-07-01,USDINR,84.9671,84.9501,84.9841
2025-07-02,USDINR,84.5884,84.5714,84.6053
2025-07-03,USDINR,84.4469,84.43,84.4638
2025-07-04,USDINR,83.8896,83.8728,83.9064
2025-07-07,USDINR,83.967,83.9502,83.9838
2025-07-08,USDINR,83.5781,83.5614,83.5948
2025-07-09,USDINR,83.8904,83.8736,83.9072
2025-07-10,USDINR,83.6259,83.6092,83.6426
2025-07-11,USDINR,83.8167,83.7999,83.8335
2025-07-14,USDINR,84.0582,84.0414,84.075
2025-07-15,USDINR,83.8031,83.7863,83.8198
2025-07-16,USDINR,83.4186,83.4019,83.4352
2025-07-17,USDINR,83.2218,83.2051,83.2384
2025-07-18,USDINR,83.102,83.0854,83.1186
2025-07-21,USDINR,83.1132,83.0966,83.1298
2025-07-22,USDINR,83.4783,83.4616,83.495
2025-07-23,USDINR,83.5658,83.5491,83.5826
2025-07-24,USDINR,83.3176,83.301,83.3343
2025-07-25,USDINR,82.8521,82.8355,82.8687
2025-07-28,USDINR,82.8023,82.7857,82.8188
2025-07-29,USDINR,82.4532,82.4367,82.4697
2025-07-30,USDINR,82.4536,82.4371,82.4701
2025-07-31,USDINR,82.2743,82.2578,82.2907
2025-08-01,USDINR,82.0264,82.01,82.0428
2025-08-04,USDINR,82.174,82.1576,82.1905
2025-08-05,USDINR,82.3693,82.3528,82.3858
2025-08-06,USDINR,82.1724,82.1559,82.1888
2025-08-07,USDINR,81.8547,81.8383,81.871
2025-08-08,USDINR,82.1801,82.1636,82.1965
2025-08-11,USDINR,82.2113,82.1949,82.2278
2025-08-12,USDINR,82.5338,82.5173,82.5503
2025-08-13,USDINR,82.3334,82.3169,82.3498
2025-08-14,USDINR,82.2473,82.2308,82.2637
2025-08-15,USDINR,82.4501,82.4336,82.4666
2025-08-18,USDINR,83.093,83.0764,83.1096
2025-08-19,USDINR,83.2001,83.1834,83.2167
2025-08-20,USDINR,83.3629,83.3463,83.3796
2025-08-21,USDINR,83.01,82.9934,83.0266
2025-08-22,USDINR,83.0784,83.0618,83.095
2025-08-25,USDINR,83.0504,83.0338,83.067
2025-08-26,USDINR,82.7247,82.7081,82.7412
2025-08-27,USDINR,83.0142,82.9976,83.0308
2025-08-28,USDINR,83.1002,83.0835,83.1168
2025-08-29,USDINR,83.3073,83.2907,83.324
2025-09-01,USDINR,83.0018,82.9852,83.0184
2025-09-02,USDINR,83.1337,83.117,83.1503
2025-09-03,USDINR,82.9626,82.946,82.9792
2025-09-04,USDINR,83.3677,83.351,83.3843
2025-09-05,USDINR,83.0573,83.0407,83.0739
2025-09-08,USDINR,82.9732,82.9566,82.9898
2025-09-09,USDINR,82.9401,82.9236,82.9567
2025-09-10,USDINR,82.6038,82.5873,82.6203
2025-09-11,USDINR,82.5898,82.5733,82.6064
2025-09-12,USDINR,82.7257,82.7091,82.7422
2025-09-15,USDINR,82.955,82.9384,82.9716
2025-09-16,USDINR,82.7534,82.7368,82.7699
2025-09-17,USDINR,82.7953,82.7787,82.8118
2025-09-18,USDINR,82.755,82.7384,82.7715
2025-09-19,USDINR,83.0602,83.0436,83.0768
2025-09-22,USDINR,83.2034,83.1868,83.2201
2025-09-23,USDINR,82.9079,82.8913,82.9245
2025-09-24,USDINR,82.5286,82.5121,82.5451
2025-09-25,USDINR,82.6956,82.6791,82.7122
2025-09-26,USDINR,82.9565,82.9399,82.973
2025-09-29,USDINR,83.066,83.0493,83.0826
2025-09-30,USDINR,83.1129,83.0963,83.1296
2025-10-01,USDINR,83.6008,83.5841,83.6175
2025-10-02,USDINR,83.8668,83.85,83.8836
2025-10-03,USDINR,83.5844,83.5677,83.6011
2025-10-06,USDINR,83.2007,83.184,83.2173
2025-10-07,USDINR,82.7982,82.7817,82.8148
2025-10-08,USDINR,82.8565,82.84,82.8731
2025-10-09,USDINR,82.7268,82.7103,82.7434
2025-10-10,USDINR,82.5082,82.4917,82.5247
2025-10-13,USDINR,82.4668,82.4503,82.4833
2025-10-14,USDINR,82.0709,82.0545,82.0873
2025-10-15,USDINR,81.7212,81.7048,81.7375
2025-10-16,USDINR,82.0159,81.9995,82.0323
2025-10-17,USDINR,82.2851,82.2686,82.3016
2025-10-20,USDINR,82.4614,82.4449,82.4779
2025-10-21,USDINR,81.9766,81.9602,81.993
2025-10-22,USDINR,82.2806,82.2642,82.2971
2025-10-23,USDINR,81.7115,81.6952,81.7279
2025-10-24,USDINR,81.3241,81.3079,81.3404
2025-10-27,USDINR,81.2183,81.202,81.2345
2025-10-28,USDINR,80.9109,80.8947,80.9271
2025-10-29,USDINR,80.7884,80.7722,80.8045
2025-10-30,USDINR,80.5871,80.571,80.6033
2025-10-31,USDINR,80.1972,80.1811,80.2132
2025-11-03,USDINR,80.4954,80.4793,80.5115
2025-11-04,USDINR,80.2735,80.2574,80.2896
2025-11-05,USDINR,80.6563,80.6402,80.6725
2025-11-06,USDINR,80.8198,80.8037,80.836
2025-11-07,USDINR,81.1397,81.1235,81.1559
2025-11-10,USDINR,80.9602,80.944,80.9764
2025-11-11,USDINR,80.9386,80.9225,80.9548
2025-11-12,USDINR,81.3794,81.3631,81.3957
2025-11-13,USDINR,80.9469,80.9307,80.963
2025-11-14,USDINR,80.5621,80.546,80.5782
2025-11-17,USDINR,81.0234,81.0072,81.0396
2025-11-18,USDINR,81.4815,81.4652,81.4978
2025-11-19,USDINR,81.22,81.2037,81.2362
2025-11-20,USDINR,81.7067,81.6903,81.723
2025-11-21,USDINR,81.5396,81.5233,81.5559
2025-11-24,USDINR,81.401,81.3847,81.4172
2025-11-25,USDINR,81.554,81.5377,81.5703
2025-11-26,USDINR,81.2361,81.2198,81.2523
2025-11-27,USDINR,81.2769,81.2606,81.2931
2025-11-28,USDINR,81.2847,81.2684,81.3009
2025-12-01,USDINR,81.4199,81.4036,81.4362
2025-12-02,USDINR,81.0199,81.0037,81.0361
2025-12-03,USDINR,80.7451,80.7289,80.7612
2025-12-04,USDINR,80.8765,80.8603,80.8927
2025-12-05,USDINR,80.6973,80.6811,80.7134
2025-12-08,USDINR,80.8584,80.8422,80.8745
2025-12-09,USDINR,81.2106,81.1944,81.2269
2025-12-10,USDINR,81.2845,81.2683,81.3008
2025-12-11,USDINR,81.1981,81.1819,81.2144
2025-12-12,USDINR,80.8706,80.8544,80.8867
2025-12-15,USDINR,80.6431,80.627,80.6592
2025-12-16,USDINR,80.6977,80.6815,80.7138
2025-12-17,USDINR,80.5773,80.5611,80.5934
2025-12-18,USDINR,80.6441,80.628,80.6603
2025-12-19,USDINR,80.331,80.3149,80.347
2025-12-22,USDINR,80.4125,80.3965,80.4286
2025-12-23,USDINR,80.7016,80.6854,80.7177
2025-12-24,USDINR,80.7948,80.7787,80.811
2025-12-25,USDINR,80.7113,80.6951,80.7274
2025-12-26,USDINR,80.8161,80.8,80.8323
2025-12-29,USDINR,80.7063,80.6902,80.7224
2025-12-30,USDINR,80.9631,80.9469,80.9793
2025-12-31,USDINR,81.1665,81.1502,81.1827
2026-01-01,USDINR,81.3924,81.3761,81.4087
2026-01-02,USDINR,81.3023,81.286,81.3186
2026-01-05,USDINR,81.0677,81.0515,81.0839
2026-01-06,USDINR,81.1092,81.093,81.1254
2026-01-07,USDINR,81.1607,81.1445,81.177
2026-01-08,USDINR,81.3049,81.2886,81.3212
2026-01-09,USDINR,81.2968,81.2805,81.313
2026-01-12,USDINR,81.9526,81.9362,81.969
2026-01-13,USDINR,82.1556,82.1391,82.172
2026-01-14,USDINR,82.4256,82.4092,82.4421
2026-01-15,USDINR,82.4918,82.4753,82.5083
2026-01-16,USDINR,82.8417,82.8251,82.8582
2026-01-19,USDINR,82.7169,82.7004,82.7334
2026-01-20,USDINR,83.1026,83.086,83.1192
2026-01-21,USDINR,83.7796,83.7628,83.7963
2026-01-22,USDINR,83.7283,83.7115,83.745
2026-01-23,USDINR,83.7071,83.6904,83.7239
2026-01-26,USDINR,83.5925,83.5758,83.6092
2026-01-27,USDINR,83.8846,83.8678,83.9014
2026-01-28,USDINR,83.7023,83.6856,83.7191
2026-01-29,USDINR,83.8953,83.8785,83.9121
2026-01-30,USDINR,83.6513,83.6346,83.668
2026-02-02,USDINR,83.9427,83.9259,83.9595
2026-02-03,USDINR,83.5592,83.5425,83.5759
2026-02-04,USDINR,83.9107,83.894,83.9275
2026-02-05,USDINR,84.1128,84.0959,84.1296
2026-02-06,USDINR,84.0211,84.0043,84.0379
2026-02-09,USDINR,83.9543,83.9376,83.9711
2026-02-10,USDINR,84.2445,84.2277,84.2614
2026-02-11,USDINR,84.1713,84.1545,84.1882
2026-02-12,USDINR,84.1663,84.1495,84.1832
2026-02-13,USDINR,83.9554,83.9386,83.9722
2026-02-16,USDINR,84.7245,84.7076,84.7415
2026-02-17,USDINR,85.0138,84.9968,85.0309
2026-02-18,USDINR,84.6639,84.647,84.6808
2026-02-19,USDINR,84.4017,84.3848,84.4186
2026-02-20,USDINR,84.3054,84.2885,84.3222
2026-02-23,USDINR,84.7165,84.6996,84.7335
2026-02-24,USDINR,84.3503,84.3335,84.3672
2026-02-25,USDINR,83.8853,83.8685,83.9021
2026-02-26,USDINR,83.5924,83.5756,83.6091
2026-02-27,USDINR,83.4743,83.4577,83.491
2026-03-02,USDINR,83.3477,83.331,83.3644
2026-03-03,USDINR,83.1431,83.1265,83.1597
2026-03-04,USDINR,83.8788,83.862,83.8955
2026-03-05,USDINR,83.7993,83.7825,83.816
2026-03-06,USDINR,83.2223,83.2057,83.239
2026-03-09,USDINR,83.1511,83.1345,83.1677
2026-03-10,USDINR,82.7086,82.692,82.7251
2026-03-11,USDINR,82.8702,82.8536,82.8868
2026-03-12,USDINR,82.3261,82.3096,82.3426
2026-03-13,USDINR,82.6541,82.6376,82.6706
2026-03-16,USDINR,82.375,82.3585,82.3914
2026-03-17,USDINR,82.4693,82.4528,82.4858
2026-03-18,USDINR,82.8878,82.8712,82.9044
2026-03-19,USDINR,83.1825,83.1659,83.1991
2026-03-20,USDINR,82.6932,82.6767,82.7098
2026-03-23,USDINR,82.6239,82.6073,82.6404
2026-03-24,USDINR,82.3331,82.3167,82.3496
2026-03-25,USDINR,82.2605,82.2441,82.277
2026-03-26,USDINR,81.9416,81.9252,81.958
2026-03-27,USDINR,82.1263,82.1099,82.1428
2026-03-30,USDINR,82.2195,82.2031,82.236
2026-03-31,USDINR,82.3863,82.3698,82.4028
2026-04-01,USDINR,81.8393,81.8229,81.8557
2026-04-02,USDINR,81.9931,81.9767,82.0095
2026-04-03,USDINR,82.0343,82.0179,82.0507
2026-04-06,USDINR,81.9474,81.931,81.9637
2026-04-07,USDINR,81.7406,81.7242,81.7569
2026-04-08,USDINR,81.3811,81.3648,81.3973
2026-04-09,USDINR,82.0217,82.0053,82.0381
2026-04-10,USDINR,82.1093,82.0929,82.1257
2026-04-13,USDINR,81.8514,81.835,81.8678
2026-04-14,USDINR,81.7651,81.7487,81.7814
2026-04-15,USDINR,82.3725,82.3561,82.389
2026-04-16,USDINR,82.4879,82.4714,82.5044
2026-04-17,USDINR,82.1548,82.1383,82.1712
2026-04-20,USDINR,82.4407,82.4242,82.4572
2026-04-21,USDINR,82.2649,82.2484,82.2813
2026-04-22,USDINR,82.2406,82.2242,82.2571
2026-04-23,USDINR,82.4578,82.4413,82.4743
2026-04-24,USDINR,82.0187,82.0023,82.0351
2026-04-27,USDINR,82.2521,82.2357,82.2686
2026-04-28,USDINR,82.0236,82.0072,82.04
2026-04-29,USDINR,81.8974,81.881,81.9137
2026-04-30,USDINR,81.8113,81.795,81.8277
2026-05-01,USDINR,81.8308,81.8144,81.8471
2026-05-04,USDINR,81.9434,81.927,81.9598
2026-05-05,USDINR,82.0101,81.9937,82.0265
2026-05-06,USDINR,82.1141,82.0977,82.1305
2026-05-07,USDINR,82.2091,82.1927,82.2256
2026-05-08,USDINR,82.36,82.3435,82.3765
2026-05-11,USDINR,82.013,81.9966,82.0294
2026-05-12,USDINR,82.544,82.5275,82.5605
2026-05-13,USDINR,82.3245,82.308,82.341
2026-05-14,USDINR,82.2707,82.2542,82.2871
2026-05-15,USDINR,82.5205,82.504,82.537
2026-05-18,USDINR,82.0554,82.039,82.0718
2026-05-19,USDINR,82.2564,82.24,82.2729
2026-05-20,USDINR,82.1808,82.1644,82.1973
2026-05-21,USDINR,81.9871,81.9707,82.0034
2026-05-22,USDINR,81.8871,81.8707,81.9035
2026-05-25,USDINR,81.8832,81.8668,81.8996
2026-05-26,USDINR,82.0694,82.0529,82.0858
2026-05-27,USDINR,82.1172,82.1008,82.1337
2026-05-28,USDINR,82.6889,82.6723,82.7054
2026-05-29,USDINR,82.1432,82.1268,82.1597
2026-06-01,USDINR,82.3093,82.2928,82.3258
2026-06-02,USDINR,82.0861,82.0697,82.1025
2026-06-03,USDINR,82.3144,82.298,82.3309
2026-06-04,USDINR,81.9909,81.9745,82.0073
2026-06-05,USDINR,82.3229,82.3064,82.3394
2026-06-08,USDINR,82.7256,82.709,82.7421
2026-06-09,USDINR,82.9645,82.9479,82.9811
2026-06-10,USDINR,83.1252,83.1085,83.1418
2026-06-11,USDINR,83.2713,83.2546,83.2879
2026-06-12,USDINR,82.8564,82.8398,82.8729
2026-06-15,USDINR,82.9941,82.9775,83.0107
2026-06-16,USDINR,82.603,82.5865,82.6195
2026-06-17,USDINR,82.3483,82.3318,82.3648
2026-06-18,USDINR,82.1185,82.1021,82.1349
2026-06-19,USDINR,82.3552,82.3387,82.3717
2026-06-22,USDINR,82.5766,82.5601,82.5931
2026-06-23,USDINR,82.7975,82.7809,82.8141
2026-06-24,USDINR,82.6675,82.6509,82.684
2026-06-25,USDINR,82.8412,82.8247,82.8578
2026-06-26,USDINR,82.6519,82.6354,82.6685
2026-06-29,USDINR,82.4178,82.4014,82.4343
2026-06-30,USDINR,82.6833,82.6667,82.6998
2026-07-01,USDINR,82.6914,82.6749,82.708
2026-07-02,USDINR,82.3614,82.3449,82.3779
2026-07-03,USDINR,82.4001,82.3836,82.4166
2026-07-06,USDINR,81.667,81.6507,81.6833
2026-07-07,USDINR,81.6623,81.6459,81.6786
2026-07-08,USDINR,82.1448,82.1284,82.1612
2026-07-09,USDINR,82.2142,82.1977,82.2306
2026-07-10,USDINR,82.6341,82.6176,82.6506
2026-07-13,USDINR,82.6189,82.6024,82.6354
2026-07-14,USDINR,82.0589,82.0425,82.0753
2026-07-15,USDINR,81.928,81.9116,81.9444
2026-07-16,USDINR,81.9795,81.9631,81.9959
2026-07-17,USDINR,81.7126,81.6963,81.729
2026-07-20,USDINR,81.7491,81.7328,81.7655
2026-07-21,USDINR,81.7186,81.7022,81.7349
2026-07-22,USDINR,82.0361,82.0197,82.0525
2026-07-23,USDINR,81.9842,81.9678,82.0006
2026-07-24,USDINR,82.1217,82.1053,82.1381
2026-07-27,USDINR,82.1592,82.1428,82.1757
2026-07-28,USDINR,82.1254,82.109,82.1419
2026-07-29,USDINR,82.5937,82.5772,82.6102
2026-07-30,USDINR,82.4547,82.4382,82.4712
2026-07-31,USDINR,82.3046,82.2881,82.3211
2026-08-03,USDINR,82.4599,82.4434,82.4764
2026-08-04,USDINR,82.7755,82.7589,82.7921
2026-08-05,USDINR,82.6907,82.6741,82.7072
2026-08-06,USDINR,82.7712,82.7546,82.7877
2026-08-07,USDINR,83.2411,83.2244,83.2577
2026-08-10,USDINR,83.1223,83.1057,83.1389
2026-08-11,USDINR,83.1823,83.1657,83.1989
2026-08-12,USDINR,83.7159,83.6992,83.7327
2026-08-13,USDINR,83.6029,83.5861,83.6196
2026-08-14,USDINR,83.8874,83.8707,83.9042
2026-08-17,USDINR,83.8726,83.8558,83.8893
2026-08-18,USDINR,83.9429,83.9261,83.9597
2026-08-19,USDINR,83.8972,83.8804,83.914
2026-08-20,USDINR,83.5853,83.5685,83.602
2026-08-21,USDINR,83.5501,83.5334,83.5668
2025-02-10,EURINR,90.1,90.082,90.118
2025-02-11,EURINR,89.9669,89.949,89.9849
2025-02-12,EURINR,89.9958,89.9778,90.0138
2025-02-13,EURINR,89.6832,89.6653,89.7011
2025-02-14,EURINR,90.4248,90.4067,90.4429
2025-02-17,EURINR,90.5296,90.5115,90.5477
2025-02-18,EURINR,91.1259,91.1077,91.1441
2025-02-19,EURINR,91.1105,91.0923,91.1287
2025-02-20,EURINR,91.2929,91.2747,91.3112
2025-02-21,EURINR,91.666,91.6477,91.6844
2025-02-24,EURINR,92.0398,92.0214,92.0582
2025-02-25,EURINR,92.5819,92.5634,92.6004
2025-02-26,EURINR,92.4485,92.43,92.467
2025-02-27,EURINR,93.4076,93.3889,93.4263
2025-02-28,EURINR,92.3955,92.377,92.414
2025-03-03,EURINR,93.0658,93.0472,93.0844
2025-03-04,EURINR,92.9035,92.8849,92.922
2025-03-05,EURINR,93.2159,93.1973,93.2346
2025-03-06,EURINR,93.0293,93.0106,93.0479
2025-03-07,EURINR,92.8391,92.8205,92.8577
2025-03-10,EURINR,93.0202,93.0016,93.0388
2025-03-11,EURINR,93.5851,93.5664,93.6038
2025-03-12,EURINR,94.1338,94.115,94.1527
2025-03-13,EURINR,94.0522,94.0334,94.071
2025-03-14,EURINR,94.2424,94.2235,94.2612
2025-03-17,EURINR,93.8747,93.8559,93.8935
2025-03-18,EURINR,94.2376,94.2187,94.2564
2025-03-19,EURINR,94.0946,94.0758,94.1134
2025-03-20,EURINR,94.1076,94.0888,94.1265
2025-03-21,EURINR,93.9911,93.9723,94.0099
2025-03-24,EURINR,93.4415,93.4228,93.4602
2025-03-25,EURINR,94.0235,94.0047,94.0423
2025-03-26,EURINR,94.0365,94.0177,94.0553
2025-03-27,EURINR,94.0951,94.0763,94.114
2025-03-28,EURINR,94.0911,94.0723,94.1099
2025-03-31,EURINR,93.8701,93.8513,93.8889
2025-04-01,EURINR,93.6862,93.6675,93.7049
2025-04-02,EURINR,93.1136,93.095,93.1322
2025-04-03,EURINR,92.8345,92.8159,92.8531
2025-04-04,EURINR,91.8768,91.8584,91.8951
2025-04-07,EURINR,92.1224,92.1039,92.1408
2025-04-08,EURINR,91.5904,91.5721,91.6087
2025-04-09,EURINR,90.9625,90.9443,90.9807
2025-04-10,EURINR,90.9498,90.9317,90.968
2025-04-11,EURINR,91.1236,91.1054,91.1418
2025-04-14,EURINR,91.6717,91.6534,91.6901
2025-04-15,EURINR,91.3412,91.3229,91.3594
2025-04-16,EURINR,91.6789,91.6606,91.6972
2025-04-17,EURINR,91.771,91.7526,91.7893
2025-04-18,EURINR,91.6235,91.6052,91.6418
2025-04-21,EURINR,91.6091,91.5908,91.6275
2025-04-22,EURINR,91.3826,91.3643,91.4008
2025-04-23,EURINR,91.2393,91.221,91.2575
2025-04-24,EURINR,91.6808,91.6624,91.6991
2025-04-25,EURINR,91.4686,91.4503,91.4868
2025-04-28,EURINR,92.4293,92.4108,92.4478
2025-04-29,EURINR,93.0967,93.078,93.1153
2025-04-30,EURINR,93.2689,93.2503,93.2876
2025-05-01,EURINR,92.6544,92.6359,92.673
2025-05-02,EURINR,92.333,92.3146,92.3515
2025-05-05,EURINR,92.0805,92.0621,92.0989
2025-05-06,EURINR,92.0941,92.0757,92.1125
2025-05-07,EURINR,92.0019,91.9835,92.0203
2025-05-08,EURINR,91.7609,91.7426,91.7793
2025-05-09,EURINR,91.7459,91.7275,91.7642
2025-05-12,EURINR,92.0159,91.9975,92.0343
2025-05-13,EURINR,92.6445,92.6259,92.663
2025-05-14,EURINR,92.8487,92.8301,92.8673
2025-05-15,EURINR,93.0714,93.0528,93.09
2025-05-16,EURINR,93.5612,93.5425,93.5799
2025-05-19,EURINR,93.3139,93.2952,93.3326
2025-05-20,EURINR,93.3526,93.3339,93.3713
2025-05-21,EURINR,93.4045,93.3858,93.4232
2025-05-22,EURINR,92.8939,92.8753,92.9125
2025-05-23,EURINR,92.8841,92.8655,92.9027
2025-05-26,EURINR,92.9302,92.9116,92.9488
2025-05-27,EURINR,92.5806,92.5621,92.5992
2025-05-28,EURINR,93.0626,93.044,93.0812
2025-05-29,EURINR,92.8299,92.8114,92.8485
2025-05-30,EURINR,92.7082,92.6896,92.7267
2025-06-02,EURINR,92.8195,92.8009,92.838
2025-06-03,EURINR,92.4658,92.4473,92.4843
2025-06-04,EURINR,92.1188,92.1004,92.1373
2025-06-05,EURINR,92.7984,92.7798,92.8169
2025-06-06,EURINR,91.9701,91.9517,91.9885
2025-06-09,EURINR,92.1653,92.1469,92.1837
2025-06-10,EURINR,92.2147,92.1962,92.2331
2025-06-11,EURINR,92.7264,92.7078,92.7449
2025-06-12,EURINR,93.0978,93.0792,93.1164
2025-06-13,EURINR,93.5662,93.5474,93.5849
2025-06-16,EURINR,92.9235,92.9049,92.9421
2025-06-17,EURINR,92.4062,92.3877,92.4247
2025-06-18,EURINR,91.9248,91.9064,91.9432
2025-06-19,EURINR,92.4805,92.462,92.499
2025-06-20,EURINR,92.4288,92.4103,92.4472
2025-06-23,EURINR,92.6184,92.5999,92.6369
2025-06-24,EURINR,92.1247,92.1062,92.1431
2025-06-25,EURINR,93.0024,92.9838,93.021
2025-06-26,EURINR,92.8186,92.8,92.8371
2025-06-27,EURINR,92.9868,92.9682,93.0054
2025-06-30,EURINR,92.8239,92.8053,92.8425
2025-07-01,EURINR,92.3345,92.316,92.353
2025-07-02,EURINR,92.5778,92.5593,92.5963
2025-07-03,EURINR,91.7704,91.752,91.7887
2025-07-04,EURINR,92.2775,92.2591,92.296
2025-07-07,EURINR,91.756,91.7376,91.7743
2025-07-08,EURINR,91.3137,91.2954,91.3319
2025-07-09,EURINR,91.5736,91.5553,91.5919
2025-07-10,EURINR,91.6238,91.6055,91.6421
2025-07-11,EURINR,90.7756,90.7574,90.7937
2025-07-14,EURINR,90.7947,90.7766,90.8129
2025-07-15,EURINR,90.7108,90.6926,90.7289
2025-07-16,EURINR,90.9338,90.9156,90.952
2025-07-17,EURINR,91.3313,91.3131,91.3496
2025-07-18,EURINR,92.077,92.0586,92.0954
2025-07-21,EURINR,92.0579,92.0395,92.0763
2025-07-22,EURINR,91.6875,91.6692,91.7058
2025-07-23,EURINR,91.1584,91.1402,91.1767
2025-07-24,EURINR,91.8866,91.8683,91.905
2025-07-25,EURINR,91.6558,91.6374,91.6741
2025-07-28,EURINR,91.3741,91.3558,91.3924
2025-07-29,EURINR,91.7026,91.6842,91.7209
2025-07-30,EURINR,91.6452,91.6268,91.6635
2025-07-31,EURINR,92.0481,92.0297,92.0665
2025-08-01,EURINR,92.0026,91.9842,92.021
2025-08-04,EURINR,91.7932,91.7749,91.8116
2025-08-05,EURINR,91.5619,91.5436,91.5802
2025-08-06,EURINR,91.9815,91.9631,91.9999
2025-08-07,EURINR,92.0988,92.0804,92.1172
2025-08-08,EURINR,92.1987,92.1802,92.2171
2025-08-11,EURINR,92.3461,92.3277,92.3646
2025-08-12,EURINR,92.0014,91.983,92.0198
2025-08-13,EURINR,92.3264,92.3079,92.3448
2025-08-14,EURINR,93.0648,93.0462,93.0835
2025-08-15,EURINR,92.3428,92.3244,92.3613
2025-08-18,EURINR,92.6397,92.6212,92.6582
2025-08-19,EURINR,91.5789,91.5606,91.5972
2025-08-20,EURINR,91.4418,91.4235,91.4601
2025-08-21,EURINR,91.4412,91.4229,91.4595
2025-08-22,EURINR,91.5746,91.5563,91.5929
2025-08-25,EURINR,92.4129,92.3945,92.4314
2025-08-26,EURINR,92.5914,92.5729,92.6099
2025-08-27,EURINR,92.6837,92.6652,92.7022
2025-08-28,EURINR,93.0216,93.003,93.0402
2025-08-29,EURINR,93.2586,93.24,93.2773
2025-09-01,EURINR,93.278,93.2594,93.2967
2025-09-02,EURINR,93.521,93.5023,93.5397
2025-09-03,EURINR,93.8911,93.8723,93.9098
2025-09-04,EURINR,94.2224,94.2035,94.2412
2025-09-05,EURINR,94.7188,94.6999,94.7378
2025-09-08,EURINR,95.3886,95.3695,95.4077
2025-09-09,EURINR,94.8385,94.8195,94.8574
2025-09-10,EURINR,94.6027,94.5838,94.6216
2025-09-11,EURINR,94.2166,94.1978,94.2354
2025-09-12,EURINR,93.5089,93.4902,93.5276
2025-09-15,EURINR,94.8253,94.8064,94.8443
2025-09-16,EURINR,95.3698,95.3507,95.3889
2025-09-17,EURINR,94.943,94.924,94.962
2025-09-18,EURINR,95.0482,95.0292,95.0672
2025-09-19,EURINR,95.2888,95.2698,95.3079
2025-09-22,EURINR,94.6958,94.6769,94.7148
2025-09-23,EURINR,95.2911,95.272,95.3101
2025-09-24,EURINR,95.386,95.3669,95.4051
2025-09-25,EURINR,95.8561,95.8369,95.8753
2025-09-26,EURINR,95.9211,95.9019,95.9403
2025-09-29,EURINR,95.6143,95.5951,95.6334
2025-09-30,EURINR,95.1238,95.1048,95.1428
2025-10-01,EURINR,95.5049,95.4858,95.524
2025-10-02,EURINR,95.9248,95.9056,95.944
2025-10-03,EURINR,96.1054,96.0862,96.1246
2025-10-06,EURINR,95.0629,95.0439,95.0819
2025-10-07,EURINR,95.0241,95.0051,95.0432
2025-10-08,EURINR,94.7258,94.7069,94.7447
2025-10-09,EURINR,94.6635,94.6446,94.6825
2025-10-10,EURINR,94.5504,94.5315,94.5693
2025-10-13,EURINR,95.103,95.084,95.122
2025-10-14,EURINR,94.4996,94.4807,94.5185
2025-10-15,EURINR,94.5794,94.5605,94.5983
2025-10-16,EURINR,94.5133,94.4944,94.5322
2025-10-17,EURINR,93.6873,93.6685,93.706
2025-10-20,EURINR,93.3073,93.2887,93.326
2025-10-21,EURINR,93.0643,93.0457,93.0829
2025-10-22,EURINR,92.8031,92.7846,92.8217
2025-10-23,EURINR,92.5858,92.5673,92.6044
2025-10-24,EURINR,92.8971,92.8785,92.9156
2025-10-27,EURINR,91.8274,91.809,91.8458
2025-10-28,EURINR,91.7182,91.6998,91.7365
2025-10-29,EURINR,92.1833,92.1648,92.2017
2025-10-30,EURINR,92.5661,92.5476,92.5846
2025-10-31,EURINR,92.65,92.6314,92.6685
2025-11-03,EURINR,93.0228,93.0042,93.0414
2025-11-04,EURINR,92.8568,92.8383,92.8754
2025-11-05,EURINR,93.4334,93.4147,93.4521
2025-11-06,EURINR,93.3925,93.3738,93.4111
2025-11-07,EURINR,93.0191,93.0005,93.0377
2025-11-10,EURINR,92.9843,92.9657,93.0029
2025-11-11,EURINR,92.7314,92.7129,92.75
2025-11-12,EURINR,92.836,92.8175,92.8546
2025-11-13,EURINR,92.5815,92.563,92.6
2025-11-14,EURINR,92.4561,92.4376,92.4746
2025-11-17,EURINR,92.4683,92.4498,92.4868
2025-11-18,EURINR,92.5164,92.4979,92.5349
2025-11-19,EURINR,92.322,92.3035,92.3405
2025-11-20,EURINR,92.8381,92.8196,92.8567
2025-11-21,EURINR,92.9989,92.9803,93.0175
2025-11-24,EURINR,92.3795,92.3611,92.398
2025-11-25,EURINR,92.5703,92.5517,92.5888
2025-11-26,EURINR,92.4249,92.4064,92.4434
2025-11-27,EURINR,92.8131,92.7946,92.8317
2025-11-28,EURINR,92.2819,92.2634,92.3003
2025-12-01,EURINR,92.1968,92.1784,92.2152
2025-12-02,EURINR,91.217,91.1988,91.2353
2025-12-03,EURINR,90.9766,90.9584,90.9948
2025-12-04,EURINR,91.1796,91.1614,91.1979
2025-12-05,EURINR,90.6276,90.6095,90.6458
2025-12-08,EURINR,90.3668,90.3488,90.3849
2025-12-09,EURINR,90.034,90.016,90.052
2025-12-10,EURINR,90.5825,90.5644,90.6006
2025-12-11,EURINR,90.725,90.7069,90.7431
2025-12-12,EURINR,90.951,90.9328,90.9691
2025-12-15,EURINR,90.1978,90.1798,90.2159
2025-12-16,EURINR,90.1513,90.1333,90.1693
2025-12-17,EURINR,90.0879,90.0699,90.1059
2025-12-18,EURINR,89.6539,89.636,89.6718
2025-12-19,EURINR,90.2452,90.2271,90.2632
2025-12-22,EURINR,89.5949,89.577,89.6128
2025-12-23,EURINR,89.2423,89.2245,89.2602
2025-12-24,EURINR,89.3413,89.3234,89.3591
2025-12-25,EURINR,89.0385,89.0207,89.0563
2025-12-26,EURINR,89.2003,89.1825,89.2182
2025-12-29,EURINR,89.8289,89.8109,89.8468
2025-12-30,EURINR,90.055,90.037,90.0731
2025-12-31,EURINR,90.5337,90.5156,90.5518
2026-01-01,EURINR,91.0084,90.9902,91.0266
2026-01-02,EURINR,91.4,91.3818,91.4183
2026-01-05,EURINR,90.303,90.285,90.3211
2026-01-06,EURINR,90.5876,90.5695,90.6057
2026-01-07,EURINR,90.0253,90.0073,90.0433
2026-01-08,EURINR,89.3983,89.3804,89.4162
2026-01-09,EURINR,89.3492,89.3313,89.3671
2026-01-12,EURINR,89.3395,89.3216,89.3574
2026-01-13,EURINR,89.3982,89.3803,89.416
2026-01-14,EURINR,89.0121,88.9943,89.0299
2026-01-15,EURINR,88.9515,88.9337,88.9693
2026-01-16,EURINR,88.7165,88.6987,88.7342
2026-01-19,EURINR,88.6025,88.5848,88.6203
2026-01-20,EURINR,88.5468,88.5291,88.5645
2026-01-21,EURINR,88.9481,88.9304,88.9659
2026-01-22,EURINR,88.4856,88.4679,88.5033
2026-01-23,EURINR,88.574,88.5563,88.5917
2026-01-26,EURINR,88.5083,88.4906,88.526
2026-01-27,EURINR,88.8361,88.8183,88.8538
2026-01-28,EURINR,89.1485,89.1307,89.1664
2026-01-29,EURINR,89.0063,88.9885,89.0241
2026-01-30,EURINR,88.7377,88.72,88.7555
2026-02-02,EURINR,88.8767,88.8589,88.8944
2026-02-03,EURINR,89.3308,89.3129,89.3486
2026-02-04,EURINR,89.6063,89.5884,89.6242
2026-02-05,EURINR,90.5988,90.5807,90.6169
2026-02-06,EURINR,90.4142,90.3961,90.4323
2026-02-09,EURINR,89.925,89.907,89.943
2026-02-10,EURINR,90.3863,90.3682,90.4043
2026-02-11,EURINR,90.6343,90.6162,90.6525
2026-02-12,EURINR,90.799,90.7808,90.8171
2026-02-13,EURINR,90.2946,90.2765,90.3126
2026-02-16,EURINR,90.1424,90.1244,90.1605
2026-02-17,EURINR,89.812,89.794,89.8299
2026-02-18,EURINR,89.3499,89.332,89.3678
2026-02-19,EURINR,89.1513,89.1334,89.1691
2026-02-20,EURINR,89.2557,89.2379,89.2736
2026-02-23,EURINR,88.9538,88.936,88.9716
2026-02-24,EURINR,89.4806,89.4627,89.4985
2026-02-25,EURINR,89.0539,89.0361,89.0717
2026-02-26,EURINR,89.4552,89.4373,89.4731
2026-02-27,EURINR,88.9885,88.9707,89.0063
2026-03-02,EURINR,89.266,89.2481,89.2838
2026-03-03,EURINR,89.8462,89.8282,89.8642
2026-03-04,EURINR,90.0586,90.0406,90.0766
2026-03-05,EURINR,90.2736,90.2555,90.2916
2026-03-06,EURINR,90.5825,90.5644,90.6006
2026-03-09,EURINR,91.1773,91.159,91.1955
2026-03-10,EURINR,91.2776,91.2593,91.2958
2026-03-11,EURINR,91.1158,91.0975,91.134
2026-03-12,EURINR,90.6038,90.5857,90.622
2026-03-13,EURINR,91.259,91.2407,91.2772
2026-03-16,EURINR,91.7912,91.7729,91.8096
2026-03-17,EURINR,91.7971,91.7788,91.8155
2026-03-18,EURINR,92.0986,92.0802,92.1171
2026-03-19,EURINR,92.279,92.2606,92.2975
2026-03-20,EURINR,92.1663,92.1478,92.1847
2026-03-23,EURINR,91.9938,91.9754,92.0122
2026-03-24,EURINR,91.8735,91.8551,91.8919
2026-03-25,EURINR,92.5606,92.5421,92.5791
2026-03-26,EURINR,92.2864,92.268,92.3049
2026-03-27,EURINR,92.8802,92.8616,92.8988
2026-03-30,EURINR,92.6522,92.6337,92.6708
2026-03-31,EURINR,92.1169,92.0985,92.1353
2026-04-01,EURINR,92.1743,92.1559,92.1927
2026-04-02,EURINR,92.2617,92.2432,92.2801
2026-04-03,EURINR,92.3739,92.3554,92.3923
2026-04-06,EURINR,92.5162,92.4977,92.5347
2026-04-07,EURINR,92.0665,92.0481,92.0849
2026-04-08,EURINR,92.2231,92.2047,92.2415
2026-04-09,EURINR,92.0374,92.019,92.0558
2026-04-10,EURINR,92.1882,92.1698,92.2067
2026-04-13,EURINR,91.986,91.9676,92.0044
2026-04-14,EURINR,91.7966,91.7782,91.8149
2026-04-15,EURINR,91.205,91.1868,91.2232
2026-04-16,EURINR,91.0764,91.0582,91.0946
2026-04-17,EURINR,90.935,90.9169,90.9532
2026-04-20,EURINR,91.2966,91.2783,91.3149
2026-04-21,EURINR,90.8702,90.852,90.8883
2026-04-22,EURINR,90.7802,90.7621,90.7984
2026-04-23,EURINR,91.704,91.6856,91.7223
2026-04-24,EURINR,92.1352,92.1168,92.1537
2026-04-27,EURINR,92.3553,92.3369,92.3738
2026-04-28,EURINR,92.4659,92.4474,92.4844
2026-04-29,EURINR,92.7682,92.7497,92.7868
2026-04-30,EURINR,93.0377,93.0191,93.0563
2026-05-01,EURINR,93.379,93.3604,93.3977
2026-05-04,EURINR,93.3332,93.3146,93.3519
2026-05-05,EURINR,92.903,92.8844,92.9215
2026-05-06,EURINR,93.203,93.1844,93.2216
2026-05-07,EURINR,92.9163,92.8977,92.9349
2026-05-08,EURINR,93.0164,92.9978,93.035
2026-05-11,EURINR,92.6176,92.5991,92.6361
2026-05-12,EURINR,92.3154,92.2969,92.3338
2026-05-13,EURINR,92.1915,92.173,92.2099
2026-05-14,EURINR,92.2374,92.219,92.2559
2026-05-15,EURINR,92.0913,92.0729,92.1097
2026-05-18,EURINR,92.1793,92.1608,92.1977
2026-05-19,EURINR,92.7047,92.6862,92.7233
2026-05-20,EURINR,92.057,92.0386,92.0754
2026-05-21,EURINR,91.9418,91.9234,91.9602
2026-05-22,EURINR,92.0987,92.0802,92.1171
2026-05-25,EURINR,91.817,91.7986,91.8353
2026-05-26,EURINR,92.3893,92.3708,92.4078
2026-05-27,EURINR,92.1346,92.1162,92.153
2026-05-28,EURINR,91.9537,91.9354,91.9721
2026-05-29,EURINR,91.8,91.7816,91.8183
2026-06-01,EURINR,91.8405,91.8221,91.8588
2026-06-02,EURINR,91.8209,91.8025,91.8393
2026-06-03,EURINR,92.273,92.2546,92.2915
2026-06-04,EURINR,93.3664,93.3477,93.3851
2026-06-05,EURINR,93.835,93.8162,93.8537
2026-06-08,EURINR,94.0499,94.031,94.0687
2026-06-09,EURINR,94.1072,94.0884,94.126
2026-06-10,EURINR,94.8242,94.8052,94.8431
2026-06-11,EURINR,94.5271,94.5082,94.546
2026-06-12,EURINR,94.7885,94.7696,94.8075
2026-06-15,EURINR,94.6627,94.6437,94.6816
2026-06-16,EURINR,94.0695,94.0506,94.0883
2026-06-17,EURINR,93.8948,93.876,93.9136
2026-06-18,EURINR,93.677,93.6583,93.6958
2026-06-19,EURINR,93.3019,93.2833,93.3206
2026-06-22,EURINR,93.2675,93.2489,93.2862
2026-06-23,EURINR,92.1702,92.1518,92.1887
2026-06-24,EURINR,92.119,92.1005,92.1374
2026-06-25,EURINR,92.3518,92.3333,92.3702
2026-06-26,EURINR,92.4634,92.445,92.4819
2026-06-29,EURINR,92.4597,92.4412,92.4782
2026-06-30,EURINR,92.9556,92.937,92.9741
2026-07-01,EURINR,91.9692,91.9508,91.9876
2026-07-02,EURINR,92.054,92.0355,92.0724
2026-07-03,EURINR,91.9884,91.97,92.0067
2026-07-06,EURINR,92.0714,92.053,92.0899
2026-07-07,EURINR,91.8772,91.8588,91.8956
2026-07-08,EURINR,91.9063,91.8879,91.9246
2026-07-09,EURINR,91.9751,91.9567,91.9934
2026-07-10,EURINR,92.1054,92.087,92.1238
2026-07-13,EURINR,92.5044,92.4859,92.5229
2026-07-14,EURINR,92.6238,92.6053,92.6423
2026-07-15,EURINR,93.0766,93.058,93.0953
2026-07-16,EURINR,92.7561,92.7375,92.7746
2026-07-17,EURINR,93.0054,92.9868,93.024
2026-07-20,EURINR,92.9245,92.906,92.9431
2026-07-21,EURINR,93.1733,93.1547,93.1919
2026-07-22,EURINR,93.4979,93.4792,93.5166
2026-07-23,EURINR,93.5391,93.5204,93.5578
2026-07-24,EURINR,93.4795,93.4608,93.4982
2026-07-27,EURINR,92.8821,92.8635,92.9007
2026-07-28,EURINR,93.1771,93.1584,93.1957
2026-07-29,EURINR,93.7433,93.7246,93.7621
2026-07-30,EURINR,93.5296,93.5109,93.5484
2026-07-31,EURINR,93.8276,93.8088,93.8464
2026-08-03,EURINR,93.3411,93.3224,93.3598
2026-08-04,EURINR,94.0493,94.0305,94.0681
2026-08-05,EURINR,94.313,94.2942,94.3319
2026-08-06,EURINR,93.8337,93.8149,93.8524
2026-08-07,EURINR,94.2098,94.191,94.2287
2026-08-10,EURINR,93.7919,93.7732,93.8107
2026-08-11,EURINR,94.2309,94.212,94.2497
2026-08-12,EURINR,93.9253,93.9065,93.9441
2026-08-13,EURINR,93.9132,93.8944,93.932
2026-08-14,EURINR,94.1095,94.0907,94.1283
2026-08-17,EURINR,93.716,93.6973,93.7348
2026-08-18,EURINR,93.7578,93.739,93.7765
2026-08-19,EURINR,93.7874,93.7686,93.8062
2026-08-20,EURINR,93.1268,93.1082,93.1455
2026-08-21,EURINR,92.8987,92.8801,92.9173
2025-02-10,GBPINR,105.4,105.3789,105.4211
2025-02-11,GBPINR,105.6234,105.6023,105.6445
2025-02-12,GBPINR,105.8879,105.8667,105.9091
2025-02-13,GBPINR,106.0723,106.0511,106.0935
2025-02-14,GBPINR,106.2659,106.2446,106.2871
2025-02-17,GBPINR,105.923,105.9018,105.9442
2025-02-18,GBPINR,105.9507,105.9295,105.9719
2025-02-19,GBPINR,106.3006,106.2793,106.3219
2025-02-20,GBPINR,106.6878,106.6665,106.7092
2025-02-21,GBPINR,106.0062,105.985,106.0274
2025-02-24,GBPINR,106.2893,106.268,106.3106
2025-02-25,GBPINR,106.7656,106.7443,106.787
2025-02-26,GBPINR,106.5781,106.5568,106.5995
2025-02-27,GBPINR,107.1667,107.1452,107.1881
2025-02-28,GBPINR,107.2922,107.2707,107.3136
2025-03-03,GBPINR,107.8656,107.844,107.8872
2025-03-04,GBPINR,108.3654,108.3437,108.3871
2025-03-05,GBPINR,108.5615,108.5398,108.5832
2025-03-06,GBPINR,109.0098,108.988,109.0316
2025-03-07,GBPINR,108.0804,108.0588,108.102
2025-03-10,GBPINR,108.9749,108.9531,108.9967
2025-03-11,GBPINR,108.7795,108.7578,108.8013
2025-03-12,GBPINR,109.1894,109.1675,109.2112
2025-03-13,GBPINR,109.1078,109.0859,109.1296
2025-03-14,GBPINR,108.5746,108.5529,108.5964
2025-03-17,GBPINR,108.1625,108.1409,108.1841
2025-03-18,GBPINR,108.1196,108.098,108.1413
2025-03-19,GBPINR,108.0865,108.0648,108.1081
2025-03-20,GBPINR,107.9071,107.8855,107.9287
2025-03-21,GBPINR,107.7176,107.696,107.7391
2025-03-24,GBPINR,107.2662,107.2448,107.2877
2025-03-25,GBPINR,106.6078,106.5865,106.6291
2025-03-26,GBPINR,106.0835,106.0623,106.1047
2025-03-27,GBPINR,105.9997,105.9785,106.0209
2025-03-28,GBPINR,106.6828,106.6614,106.7041
2025-03-31,GBPINR,106.1617,106.1404,106.1829
2025-04-01,GBPINR,106.5072,106.4859,106.5285
2025-04-02,GBPINR,106.1694,106.1481,106.1906
2025-04-03,GBPINR,105.9532,105.932,105.9744
2025-04-04,GBPINR,106.5531,106.5318,106.5744
2025-04-07,GBPINR,105.9913,105.9701,106.0125
2025-04-08,GBPINR,106.1005,106.0792,106.1217
2025-04-09,GBPINR,106.045,106.0238,106.0662
2025-04-10,GBPINR,106.0497,106.0285,106.0709
2025-04-11,GBPINR,105.8248,105.8036,105.846
2025-04-14,GBPINR,105.8508,105.8297,105.872
2025-04-15,GBPINR,105.274,105.2529,105.295
2025-04-16,GBPINR,105.291,105.2699,105.312
2025-04-17,GBPINR,105.3509,105.3298,105.372
2025-04-18,GBPINR,104.635,104.6141,104.6559
2025-04-21,GBPINR,104.1424,104.1216,104.1632
2025-04-22,GBPINR,103.2951,103.2745,103.3158
2025-04-23,GBPINR,103.8887,103.8679,103.9095
2025-04-24,GBPINR,104.3543,104.3334,104.3752
2025-04-25,GBPINR,103.5987,103.578,103.6195
2025-04-28,GBPINR,103.3601,103.3394,103.3807
2025-04-29,GBPINR,103.1792,103.1585,103.1998
2025-04-30,GBPINR,102.6139,102.5934,102.6344
2025-05-01,GBPINR,101.3088,101.2885,101.3291
2025-05-02,GBPINR,101.9174,101.8971,101.9378
2025-05-05,GBPINR,101.6827,101.6623,101.703
2025-05-06,GBPINR,101.9343,101.914,101.9547
2025-05-07,GBPINR,101.7424,101.7221,101.7628
2025-05-08,GBPINR,101.6369,101.6166,101.6572
2025-05-09,GBPINR,102.053,102.0326,102.0734
2025-05-12,GBPINR,102.2567,102.2362,102.2771
2025-05-13,GBPINR,101.779,101.7587,101.7994
2025-05-14,GBPINR,102.1573,102.1369,102.1778
2025-05-15,GBPINR,102.293,102.2725,102.3134
2025-05-16,GBPINR,102.5476,102.527,102.5681
2025-05-19,GBPINR,102.9838,102.9632,103.0043
2025-05-20,GBPINR,103.1411,103.1205,103.1617
2025-05-21,GBPINR,102.094,102.0736,102.1144
2025-05-22,GBPINR,101.8277,101.8074,101.8481
2025-05-23,GBPINR,101.8645,101.8441,101.8849
2025-05-26,GBPINR,102.1945,102.1741,102.215
2025-05-27,GBPINR,102.366,102.3455,102.3864
2025-05-28,GBPINR,102.259,102.2386,102.2795
2025-05-29,GBPINR,102.0343,102.0139,102.0547
2025-05-30,GBPINR,101.614,101.5937,101.6343
2025-06-02,GBPINR,101.5104,101.4901,101.5307
2025-06-03,GBPINR,101.7007,101.6804,101.7211
2025-06-04,GBPINR,102.0935,102.0731,102.1139
2025-06-05,GBPINR,102.2717,102.2513,102.2922
2025-06-06,GBPINR,102.2902,102.2697,102.3106
2025-06-09,GBPINR,102.4103,102.3898,102.4308
2025-06-10,GBPINR,101.6384,101.6181,101.6587
2025-06-11,GBPINR,101.4184,101.3981,101.4386
2025-06-12,GBPINR,100.8486,100.8285,100.8688
2025-06-13,GBPINR,100.6805,100.6604,100.7006
2025-06-16,GBPINR,99.9705,99.9505,99.9905
2025-06-17,GBPINR,99.5727,99.5528,99.5926
2025-06-18,GBPINR,99.9587,99.9387,99.9787
2025-06-19,GBPINR,99.9199,99.8999,99.9398
2025-06-20,GBPINR,101.2801,101.2599,101.3004
2025-06-23,GBPINR,101.3839,101.3637,101.4042
2025-06-24,GBPINR,102.2986,102.2782,102.3191
2025-06-25,GBPINR,103.1401,103.1195,103.1607
2025-06-26,GBPINR,102.3052,102.2848,102.3257
2025-06-27,GBPINR,102.8657,102.8451,102.8863
2025-06-30,GBPINR,102.3428,102.3223,102.3632
2025-07-01,GBPINR,101.8576,101.8372,101.878
2025-07-02,GBPINR,101.866,101.8456,101.8863
2025-07-03,GBPINR,101.9655,101.9451,101.9859
2025-07-04,GBPINR,101.9436,101.9232,101.964
2025-07-07,GBPINR,101.705,101.6846,101.7253
2025-07-08,GBPINR,102.3389,102.3184,102.3594
2025-07-09,GBPINR,102.6734,102.6529,102.694
2025-07-10,GBPINR,102.7082,102.6876,102.7287
2025-07-11,GBPINR,102.4025,102.382,102.4229
2025-07-14,GBPINR,102.6717,102.6511,102.6922
2025-07-15,GBPINR,102.1054,102.085,102.1259
2025-07-16,GBPINR,102.1008,102.0803,102.1212
2025-07-17,GBPINR,102.0605,102.0401,102.0809
2025-07-18,GBPINR,102.5976,102.5771,102.6181
2025-07-21,GBPINR,102.6947,102.6741,102.7152
2025-07-22,GBPINR,102.9401,102.9195,102.9607
2025-07-23,GBPINR,102.3972,102.3768,102.4177
2025-07-24,GBPINR,102.2841,102.2636,102.3045
2025-07-25,GBPINR,102.5729,102.5524,102.5934
2025-07-28,GBPINR,102.475,102.4545,102.4955
2025-07-29,GBPINR,101.8786,101.8583,101.899
2025-07-30,GBPINR,102.4527,102.4322,102.4732
2025-07-31,GBPINR,103.4154,103.3947,103.4361
2025-08-01,GBPINR,103.7467,103.726,103.7675
2025-08-04,GBPINR,103.6436,103.6229,103.6643
2025-08-05,GBPINR,103.4679,103.4472,103.4886
2025-08-06,GBPINR,103.512,103.4913,103.5327
2025-08-07,GBPINR,104.4837,104.4628,104.5046
2025-08-08,GBPINR,104.2923,104.2715,104.3132
2025-08-11,GBPINR,104.0076,103.9868,104.0284
2025-08-12,GBPINR,104.6415,104.6206,104.6625
2025-08-13,GBPINR,105.1032,105.0822,105.1242
2025-08-14,GBPINR,106.4853,106.464,106.5065
2025-08-15,GBPINR,106.1841,106.1629,106.2054
2025-08-18,GBPINR,105.7912,105.7701,105.8124
2025-08-19,GBPINR,105.7288,105.7077,105.75
2025-08-20,GBPINR,105.6127,105.5915,105.6338
2025-08-21,GBPINR,105.8918,105.8706,105.913
2025-08-22,GBPINR,106.2573,106.236,106.2785
2025-08-25,GBPINR,105.3516,105.3305,105.3727
2025-08-26,GBPINR,105.4763,105.4552,105.4974
2025-08-27,GBPINR,105.4207,105.3997,105.4418
2025-08-28,GBPINR,105.6122,105.591,105.6333
2025-08-29,GBPINR,105.9298,105.9087,105.951
2025-09-01,GBPINR,105.4833,105.4622,105.5044
2025-09-02,GBPINR,105.7692,105.7481,105.7904
2025-09-03,GBPINR,105.5868,105.5657,105.6079
2025-09-04,GBPINR,104.6442,104.6233,104.6651
2025-09-05,GBPINR,104.4131,104.3922,104.4339
2025-09-08,GBPINR,103.9916,103.9708,104.0124
2025-09-09,GBPINR,104.3537,104.3328,104.3745
2025-09-10,GBPINR,104.8555,104.8345,104.8765
2025-09-11,GBPINR,104.6808,104.6598,104.7017
2025-09-12,GBPINR,104.9095,104.8885,104.9304
2025-09-15,GBPINR,105.0273,105.0063,105.0483
2025-09-16,GBPINR,106.0548,106.0336,106.076
2025-09-17,GBPINR,106.3083,106.287,106.3295
2025-09-18,GBPINR,106.7683,106.747,106.7897
2025-09-19,GBPINR,105.8946,105.8734,105.9158
2025-09-22,GBPINR,106.5118,106.4905,106.5331
2025-09-23,GBPINR,106.4161,106.3948,106.4374
2025-09-24,GBPINR,106.0864,106.0652,106.1076
2025-09-25,GBPINR,106.5063,106.485,106.5276
2025-09-26,GBPINR,106.026,106.0048,106.0472
2025-09-29,GBPINR,105.6432,105.622,105.6643
2025-09-30,GBPINR,105.4897,105.4686,105.5108
2025-10-01,GBPINR,104.6798,104.6588,104.7007
2025-10-02,GBPINR,104.6621,104.6411,104.683
2025-10-03,GBPINR,103.9846,103.9638,104.0054
2025-10-06,GBPINR,103.8327,103.812,103.8535
2025-10-07,GBPINR,103.9738,103.953,103.9946
2025-10-08,GBPINR,103.6733,103.6526,103.6941
2025-10-09,GBPINR,103.2135,103.1929,103.2342
2025-10-10,GBPINR,103.0938,103.0731,103.1144
2025-10-13,GBPINR,102.3237,102.3032,102.3441
2025-10-14,GBPINR,102.3516,102.3311,102.3721
2025-10-15,GBPINR,103.4268,103.4061,103.4475
2025-10-16,GBPINR,102.0084,101.988,102.0288
2025-10-17,GBPINR,102.1241,102.1036,102.1445
2025-10-20,GBPINR,102.2779,102.2574,102.2983
2025-10-21,GBPINR,101.7634,101.743,101.7837
2025-10-22,GBPINR,102.054,102.0336,102.0744
2025-10-23,GBPINR,101.291,101.2708,101.3113
2025-10-24,GBPINR,101.361,101.3407,101.3813
2025-10-27,GBPINR,101.2451,101.2249,101.2654
2025-10-28,GBPINR,101.2194,101.1991,101.2396
2025-10-29,GBPINR,100.7365,100.7163,100.7566
2025-10-30,GBPINR,101.301,101.2808,101.3213
2025-10-31,GBPINR,101.0418,101.0216,101.062
2025-11-03,GBPINR,100.9686,100.9485,100.9888
2025-11-04,GBPINR,101.3436,101.3233,101.3638
2025-11-05,GBPINR,101.4252,101.4049,101.4454
2025-11-06,GBPINR,100.7024,100.6822,100.7225
2025-11-07,GBPINR,101.3824,101.3622,101.4027
2025-11-10,GBPINR,100.7808,100.7606,100.8009
2025-11-11,GBPINR,100.4782,100.4581,100.4983
2025-11-12,GBPINR,101.2536,101.2333,101.2738
2025-11-13,GBPINR,100.5144,100.4943,100.5345
2025-11-14,GBPINR,101.2076,101.1873,101.2278
2025-11-17,GBPINR,100.7166,100.6965,100.7368
2025-11-18,GBPINR,100.5187,100.4986,100.5388
2025-11-19,GBPINR,100.4311,100.4111,100.4512
2025-11-20,GBPINR,100.5152,100.4951,100.5353
2025-11-21,GBPINR,100.7279,100.7077,100.748
2025-11-24,GBPINR,100.1555,100.1354,100.1755
2025-11-25,GBPINR,99.7942,99.7742,99.8142
2025-11-26,GBPINR,99.5681,99.5482,99.5881
2025-11-27,GBPINR,99.7494,99.7294,99.7693
2025-11-28,GBPINR,100.5437,100.5236,100.5638
2025-12-01,GBPINR,100.5882,100.5681,100.6083
2025-12-02,GBPINR,100.8847,100.8645,100.9049
2025-12-03,GBPINR,100.878,100.8578,100.8981
2025-12-04,GBPINR,101.4847,101.4644,101.505
2025-12-05,GBPINR,100.581,100.5609,100.6012
2025-12-08,GBPINR,99.7933,99.7734,99.8133
2025-12-09,GBPINR,100.4608,100.4407,100.4809
2025-12-10,GBPINR,101.0406,101.0204,101.0609
2025-12-11,GBPINR,101.5077,101.4874,101.528
2025-12-12,GBPINR,101.8267,101.8063,101.8471
2025-12-15,GBPINR,100.5606,100.5405,100.5807
2025-12-16,GBPINR,101.6905,101.6702,101.7109
2025-12-17,GBPINR,101.5374,101.5171,101.5577
2025-12-18,GBPINR,101.2584,101.2382,101.2787
2025-12-19,GBPINR,102.35,102.3295,102.3705
2025-12-22,GBPINR,102.4644,102.4439,102.4849
2025-12-23,GBPINR,103.0765,103.0559,103.0971
2025-12-24,GBPINR,103.0268,103.0062,103.0474
2025-12-25,GBPINR,102.5669,102.5464,102.5874
2025-12-26,GBPINR,101.8342,101.8138,101.8546
2025-12-29,GBPINR,102.2462,102.2258,102.2667
2025-12-30,GBPINR,103.2969,103.2763,103.3176
2025-12-31,GBPINR,103.6171,103.5964,103.6378
2026-01-01,GBPINR,104.7467,104.7257,104.7676
2026-01-02,GBPINR,104.9248,104.9038,104.9458
2026-01-05,GBPINR,105.5078,105.4867,105.5289
2026-01-06,GBPINR,105.6184,105.5973,105.6395
2026-01-07,GBPINR,106.6698,106.6485,106.6912
2026-01-08,GBPINR,107.5966,107.575,107.6181
2026-01-09,GBPINR,107.7232,107.7017,107.7447
2026-01-12,GBPINR,107.1763,107.1549,107.1978
2026-01-13,GBPINR,105.7799,105.7587,105.801
2026-01-14,GBPINR,106.1295,106.1083,106.1507
2026-01-15,GBPINR,105.9217,105.9005,105.9429
2026-01-16,GBPINR,106.2117,106.1905,106.2329
2026-01-19,GBPINR,106.5625,106.5411,106.5838
2026-01-20,GBPINR,107.9507,107.9292,107.9723
2026-01-21,GBPINR,106.6394,106.6181,106.6608
2026-01-22,GBPINR,106.5504,106.5291,106.5717
2026-01-23,GBPINR,106.6712,106.6499,106.6925
2026-01-26,GBPINR,107.0088,106.9874,107.0302
2026-01-27,GBPINR,107.2976,107.2762,107.3191
2026-01-28,GBPINR,106.8568,106.8354,106.8782
2026-01-29,GBPINR,106.2535,106.2322,106.2747
2026-01-30,GBPINR,105.3379,105.3168,105.3589
2026-02-02,GBPINR,106.6319,106.6106,106.6533
2026-02-03,GBPINR,106.3774,106.3561,106.3986
2026-02-04,GBPINR,106.0515,106.0303,106.0727
2026-02-05,GBPINR,106.163,106.1417,106.1842
2026-02-06,GBPINR,106.9884,106.967,107.0098
2026-02-09,GBPINR,107.4692,107.4477,107.4907
2026-02-10,GBPINR,107.2672,107.2458,107.2887
2026-02-11,GBPINR,106.8604,106.839,106.8818
2026-02-12,GBPINR,106.9777,106.9563,106.9991
2026-02-13,GBPINR,107.2725,107.251,107.294
2026-02-16,GBPINR,107.6774,107.6559,107.6989
2026-02-17,GBPINR,107.6426,107.6211,107.6642
2026-02-18,GBPINR,106.8471,106.8257,106.8685
2026-02-19,GBPINR,106.5397,106.5184,106.561
2026-02-20,GBPINR,106.2825,106.2612,106.3037
2026-02-23,GBPINR,107.0337,107.0123,107.0551
2026-02-24,GBPINR,107.5986,107.5771,107.6202
2026-02-25,GBPINR,106.8517,106.8304,106.8731
2026-02-26,GBPINR,107.1326,107.1112,107.154
2026-02-27,GBPINR,108.0996,108.078,108.1212
2026-03-02,GBPINR,108.7481,108.7264,108.7698
2026-03-03,GBPINR,108.967,108.9452,108.9888
2026-03-04,GBPINR,109.0904,109.0686,109.1122
2026-03-05,GBPINR,108.938,108.9162,108.9598
2026-03-06,GBPINR,109.1058,109.084,109.1276
2026-03-09,GBPINR,108.8985,108.8768,108.9203
2026-03-10,GBPINR,109.1116,109.0898,109.1334
2026-03-11,GBPINR,108.6227,108.601,108.6445
2026-03-12,GBPINR,107.7045,107.683,107.726
2026-03-13,GBPINR,108.1595,108.1379,108.1811
2026-03-16,GBPINR,107.8221,107.8005,107.8436
2026-03-17,GBPINR,106.8325,106.8112,106.8539
2026-03-18,GBPINR,107.7096,107.6881,107.7312
2026-03-19,GBPINR,107.7383,107.7167,107.7598
2026-03-20,GBPINR,107.9812,107.9596,108.0028
2026-03-23,GBPINR,107.2063,107.1848,107.2277
2026-03-24,GBPINR,106.4841,106.4628,106.5054
2026-03-25,GBPINR,106.3048,106.2836,106.3261
2026-03-26,GBPINR,106.5803,106.5589,106.6016
2026-03-27,GBPINR,106.0085,105.9873,106.0297
2026-03-30,GBPINR,105.9939,105.9727,106.0151
2026-03-31,GBPINR,105.9991,105.9779,106.0203
2026-04-01,GBPINR,106.1158,106.0946,106.1371
2026-04-02,GBPINR,107.0374,107.016,107.0589
2026-04-03,GBPINR,107.3707,107.3492,107.3922
2026-04-06,GBPINR,106.9516,106.9302,106.973
2026-04-07,GBPINR,106.8848,106.8634,106.9061
2026-04-08,GBPINR,106.0406,106.0194,106.0618
2026-04-09,GBPINR,106.471,106.4497,106.4923
2026-04-10,GBPINR,106.3948,106.3735,106.4161
2026-04-13,GBPINR,106.5105,106.4892,106.5318
2026-04-14,GBPINR,106.3001,106.2788,106.3213
2026-04-15,GBPINR,106.0014,105.9802,106.0226
2026-04-16,GBPINR,105.9231,105.9019,105.9442
2026-04-17,GBPINR,105.3875,105.3664,105.4086
2026-04-20,GBPINR,104.8757,104.8547,104.8967
2026-04-21,GBPINR,105.1879,105.1669,105.2089
2026-04-22,GBPINR,104.8615,104.8405,104.8825
2026-04-23,GBPINR,104.0947,104.0739,104.1155
2026-04-24,GBPINR,104.6037,104.5828,104.6246
2026-04-27,GBPINR,104.2572,104.2364,104.2781
2026-04-28,GBPINR,104.8049,104.7839,104.8258
2026-04-29,GBPINR,105.099,105.078,105.12
2026-04-30,GBPINR,105.1419,105.1208,105.1629
2026-05-01,GBPINR,105.0334,105.0124,105.0544
2026-05-04,GBPINR,104.4542,104.4333,104.4751
2026-05-05,GBPINR,104.8717,104.8507,104.8926
2026-05-06,GBPINR,105.0489,105.0279,105.0699
2026-05-07,GBPINR,105.2761,105.255,105.2971
2026-05-08,GBPINR,104.8445,104.8236,104.8655
2026-05-11,GBPINR,104.6186,104.5977,104.6395
2026-05-12,GBPINR,104.32,104.2991,104.3408
2026-05-13,GBPINR,104.9174,104.8964,104.9384
2026-05-14,GBPINR,104.5459,104.5249,104.5668
2026-05-15,GBPINR,105.5276,105.5065,105.5488
2026-05-18,GBPINR,105.5219,105.5008,105.543
2026-05-19,GBPINR,105.2066,105.1855,105.2276
2026-05-20,GBPINR,106.098,106.0768,106.1193
2026-05-21,GBPINR,105.6194,105.5983,105.6406
2026-05-22,GBPINR,105.2239,105.2028,105.2449
2026-05-25,GBPINR,105.8546,105.8335,105.8758
2026-05-26,GBPINR,105.833,105.8118,105.8541
2026-05-27,GBPINR,105.9874,105.9662,106.0086
2026-05-28,GBPINR,105.1065,105.0855,105.1275
2026-05-29,GBPINR,104.9728,104.9519,104.9938
2026-06-01,GBPINR,104.2101,104.1892,104.2309
2026-06-02,GBPINR,104.7024,104.6815,104.7234
2026-06-03,GBPINR,105.0669,105.0459,105.088
2026-06-04,GBPINR,104.559,104.5381,104.5799
2026-06-05,GBPINR,104.8415,104.8205,104.8625
2026-06-08,GBPINR,104.5985,104.5776,104.6195
2026-06-09,GBPINR,105.1469,105.1258,105.1679
2026-06-10,GBPINR,104.9624,104.9414,104.9834
2026-06-11,GBPINR,105.0117,104.9907,105.0327
2026-06-12,GBPINR,104.6467,104.6258,104.6676
2026-06-15,GBPINR,105.1122,105.0911,105.1332
2026-06-16,GBPINR,105.4502,105.4291,105.4713
2026-06-17,GBPINR,106.7066,106.6852,106.7279
2026-06-18,GBPINR,107.2539,107.2325,107.2754
2026-06-19,GBPINR,105.8942,105.873,105.9154
2026-06-22,GBPINR,106.3144,106.2931,106.3356
2026-06-23,GBPINR,106.0431,106.0218,106.0643
2026-06-24,GBPINR,106.467,106.4457,106.4883
2026-06-25,GBPINR,106.1099,106.0886,106.1311
2026-06-26,GBPINR,107.1377,107.1163,107.1591
2026-06-29,GBPINR,106.4959,106.4746,106.5172
2026-06-30,GBPINR,106.4104,106.3891,106.4316
2026-07-01,GBPINR,105.184,105.1629,105.205
2026-07-02,GBPINR,104.7687,104.7477,104.7896
2026-07-03,GBPINR,105.1474,105.1263,105.1684
2026-07-06,GBPINR,105.2105,105.1894,105.2315
2026-07-07,GBPINR,105.3174,105.2964,105.3385
2026-07-08,GBPINR,104.9631,104.9421,104.984
2026-07-09,GBPINR,104.22,104.1991,104.2408
2026-07-10,GBPINR,103.6517,103.631,103.6724
2026-07-13,GBPINR,103.6456,103.6249,103.6664
2026-07-14,GBPINR,102.9565,102.9359,102.9771
2026-07-15,GBPINR,102.3888,102.3683,102.4093
2026-07-16,GBPINR,102.3781,102.3576,102.3986
2026-07-17,GBPINR,102.6488,102.6283,102.6694
2026-07-20,GBPINR,101.7322,101.7118,101.7525
2026-07-21,GBPINR,102.2318,102.2113,102.2522
2026-07-22,GBPINR,102.8814,102.8609,102.902
2026-07-23,GBPINR,102.3334,102.3129,102.3538
2026-07-24,GBPINR,102.2235,102.203,102.2439
2026-07-27,GBPINR,101.4435,101.4232,101.4637
2026-07-28,GBPINR,101.5035,101.4832,101.5238
2026-07-29,GBPINR,100.4181,100.398,100.4381
2026-07-30,GBPINR,101.0559,101.0357,101.0762
2026-07-31,GBPINR,101.1678,101.1476,101.1881
2026-08-03,GBPINR,101.3552,101.3349,101.3755
2026-08-04,GBPINR,102.3069,102.2864,102.3273
2026-08-05,GBPINR,101.9452,101.9248,101.9656
2026-08-06,GBPINR,101.9829,101.9625,102.0033
2026-08-07,GBPINR,101.8462,101.8258,101.8665
2026-08-10,GBPINR,102.8683,102.8478,102.8889
2026-08-11,GBPINR,103.1761,103.1554,103.1967
2026-08-12,GBPINR,103.687,103.6663,103.7078
2026-08-13,GBPINR,102.8314,102.8108,102.852
2026-08-14,GBPINR,102.5069,102.4864,102.5274
2026-08-17,GBPINR,102.238,102.2175,102.2584
2026-08-18,GBPINR,102.3341,102.3137,102.3546
2026-08-19,GBPINR,102.5248,102.5043,102.5453
2026-08-20,GBPINR,101.9307,101.9103,101.9511
2026-08-21,GBPINR,101.5523,101.532,101.5726
2025-02-10,EURUSD,1.083,1.0828,1.0832
2025-02-11,EURUSD,1.0884,1.0881,1.0886
2025-02-12,EURUSD,1.0878,1.0876,1.088
2025-02-13,EURUSD,1.0778,1.0776,1.078
2025-02-14,EURUSD,1.0793,1.0791,1.0795
2025-02-17,EURUSD,1.0829,1.0827,1.0831
2025-02-18,EURUSD,1.0845,1.0843,1.0848
2025-02-19,EURUSD,1.0926,1.0924,1.0929
2025-02-20,EURUSD,1.0966,1.0964,1.0969
2025-02-21,EURUSD,1.0895,1.0893,1.0898
2025-02-24,EURUSD,1.0861,1.0859,1.0863
2025-02-25,EURUSD,1.0769,1.0767,1.0771
2025-02-26,EURUSD,1.0739,1.0737,1.0741
2025-02-27,EURUSD,1.0664,1.0661,1.0666
2025-02-28,EURUSD,1.0706,1.0704,1.0708
2025-03-03,EURUSD,1.0742,1.074,1.0744
2025-03-04,EURUSD,1.0733,1.0731,1.0736
2025-03-05,EURUSD,1.0622,1.062,1.0624
2025-03-06,EURUSD,1.0582,1.058,1.0584
2025-03-07,EURUSD,1.0691,1.0689,1.0694
2025-03-10,EURUSD,1.0783,1.0781,1.0785
2025-03-11,EURUSD,1.078,1.0778,1.0782
2025-03-12,EURUSD,1.0821,1.0819,1.0823
2025-03-13,EURUSD,1.0694,1.0692,1.0696
2025-03-14,EURUSD,1.078,1.0778,1.0782
2025-03-17,EURUSD,1.0788,1.0786,1.079
2025-03-18,EURUSD,1.0824,1.0821,1.0826
2025-03-19,EURUSD,1.078,1.0778,1.0782
2025-03-20,EURUSD,1.0807,1.0804,1.0809
2025-03-21,EURUSD,1.0854,1.0852,1.0856
2025-03-24,EURUSD,1.0894,1.0892,1.0897
2025-03-25,EURUSD,1.0936,1.0934,1.0938
2025-03-26,EURUSD,1.0858,1.0855,1.086
2025-03-27,EURUSD,1.0825,1.0822,1.0827
2025-03-28,EURUSD,1.0735,1.0733,1.0737
2025-03-31,EURUSD,1.0843,1.084,1.0845
2025-04-01,EURUSD,1.0894,1.0892,1.0896
2025-04-02,EURUSD,1.1022,1.1019,1.1024
2025-04-03,EURUSD,1.1048,1.1046,1.105
2025-04-04,EURUSD,1.098,1.0978,1.0982
2025-04-07,EURUSD,1.096,1.0958,1.0962
2025-04-08,EURUSD,1.1045,1.1043,1.1047
2025-04-09,EURUSD,1.1015,1.1013,1.1017
2025-04-10,EURUSD,1.1003,1.1001,1.1005
2025-04-11,EURUSD,1.1072,1.1069,1.1074
2025-04-14,EURUSD,1.102,1.1018,1.1022
2025-04-15,EURUSD,1.0992,1.099,1.0994
2025-04-16,EURUSD,1.1064,1.1062,1.1066
2025-04-17,EURUSD,1.1124,1.1122,1.1126
2025-04-18,EURUSD,1.1122,1.112,1.1124
2025-04-21,EURUSD,1.1062,1.106,1.1064
2025-04-22,EURUSD,1.1012,1.101,1.1014
2025-04-23,EURUSD,1.0901,1.0899,1.0903
2025-04-24,EURUSD,1.0981,1.0979,1.0983
2025-04-25,EURUSD,1.1054,1.1052,1.1056
2025-04-28,EURUSD,1.1056,1.1054,1.1058
2025-04-29,EURUSD,1.1002,1.1,1.1005
2025-04-30,EURUSD,1.1053,1.1051,1.1055
2025-05-01,EURUSD,1.1023,1.1021,1.1026
2025-05-02,EURUSD,1.1083,1.1081,1.1085
2025-05-05,EURUSD,1.1102,1.11,1.1104
2025-05-06,EURUSD,1.1208,1.1206,1.1211
2025-05-07,EURUSD,1.123,1.1227,1.1232
2025-05-08,EURUSD,1.1107,1.1105,1.1109
2025-05-09,EURUSD,1.113,1.1127,1.1132
2025-05-12,EURUSD,1.1164,1.1162,1.1166
2025-05-13,EURUSD,1.1108,1.1106,1.111
2025-05-14,EURUSD,1.1072,1.1069,1.1074
2025-05-15,EURUSD,1.1025,1.1023,1.1027
2025-05-16,EURUSD,1.1117,1.1115,1.1119
2025-05-19,EURUSD,1.1108,1.1106,1.1111
2025-05-20,EURUSD,1.1254,1.1252,1.1256
2025-05-21,EURUSD,1.1285,1.1283,1.1287
2025-05-22,EURUSD,1.1263,1.1261,1.1265
2025-05-23,EURUSD,1.1288,1.1285,1.129
2025-05-26,EURUSD,1.1246,1.1244,1.1248
2025-05-27,EURUSD,1.1263,1.1261,1.1265
2025-05-28,EURUSD,1.132,1.1318,1.1322
2025-05-29,EURUSD,1.1276,1.1274,1.1278
2025-05-30,EURUSD,1.1214,1.1212,1.1216
2025-06-02,EURUSD,1.1094,1.1092,1.1097
2025-06-03,EURUSD,1.1169,1.1167,1.1171
2025-06-04,EURUSD,1.1166,1.1164,1.1168
2025-06-05,EURUSD,1.1034,1.1032,1.1037
2025-06-06,EURUSD,1.1075,1.1073,1.1077
2025-06-09,EURUSD,1.1055,1.1053,1.1058
2025-06-10,EURUSD,1.1037,1.1035,1.1039
2025-06-11,EURUSD,1.0966,1.0964,1.0968
2025-06-12,EURUSD,1.0956,1.0954,1.0958
2025-06-13,EURUSD,1.0959,1.0956,1.0961
2025-06-16,EURUSD,1.092,1.0918,1.0922
2025-06-17,EURUSD,1.0865,1.0863,1.0867
2025-06-18,EURUSD,1.0898,1.0896,1.09
2025-06-19,EURUSD,1.0879,1.0877,1.0881
2025-06-20,EURUSD,1.0906,1.0904,1.0909
2025-06-23,EURUSD,1.0906,1.0903,1.0908
2025-06-24,EURUSD,1.0821,1.0819,1.0823
2025-06-25,EURUSD,1.0794,1.0792,1.0796
2025-06-26,EURUSD,1.0816,1.0814,1.0818
2025-06-27,EURUSD,1.0787,1.0785,1.0789
2025-06-30,EURUSD,1.0969,1.0967,1.0972
2025-07-01,EURUSD,1.0969,1.0967,1.0972
2025-07-02,EURUSD,1.0895,1.0892,1.0897
2025-07-03,EURUSD,1.0859,1.0856,1.0861
2025-07-04,EURUSD,1.0967,1.0965,1.0969
2025-07-07,EURUSD,1.088,1.0878,1.0883
2025-07-08,EURUSD,1.0926,1.0924,1.0928
2025-07-09,EURUSD,1.0908,1.0906,1.091
2025-07-10,EURUSD,1.086,1.0857,1.0862
2025-07-11,EURUSD,1.0892,1.089,1.0894
2025-07-14,EURUSD,1.0817,1.0815,1.0819
2025-07-15,EURUSD,1.0685,1.0683,1.0687
2025-07-16,EURUSD,1.0631,1.0629,1.0633
2025-07-17,EURUSD,1.0663,1.0661,1.0665
2025-07-18,EURUSD,1.0761,1.0759,1.0763
2025-07-21,EURUSD,1.0701,1.0699,1.0703
2025-07-22,EURUSD,1.0642,1.064,1.0644
2025-07-23,EURUSD,1.0722,1.072,1.0725
2025-07-24,EURUSD,1.0883,1.0881,1.0886
2025-07-25,EURUSD,1.0913,1.0911,1.0915
2025-07-28,EURUSD,1.0917,1.0915,1.0919
2025-07-29,EURUSD,1.0937,1.0934,1.0939
2025-07-30,EURUSD,1.0966,1.0963,1.0968
2025-07-31,EURUSD,1.0889,1.0886,1.0891
2025-08-01,EURUSD,1.0824,1.0822,1.0826
2025-08-04,EURUSD,1.084,1.0838,1.0842
2025-08-05,EURUSD,1.0771,1.0769,1.0773
2025-08-06,EURUSD,1.0811,1.0809,1.0813
2025-08-07,EURUSD,1.0875,1.0873,1.0877
2025-08-08,EURUSD,1.089,1.0888,1.0892
2025-08-11,EURUSD,1.1039,1.1037,1.1041
2025-08-12,EURUSD,1.0934,1.0932,1.0936
2025-08-13,EURUSD,1.083,1.0828,1.0833
2025-08-14,EURUSD,1.0843,1.0841,1.0845
2025-08-15,EURUSD,1.0897,1.0894,1.0899
2025-08-18,EURUSD,1.0945,1.0943,1.0947
2025-08-19,EURUSD,1.0985,1.0982,1.0987
2025-08-20,EURUSD,1.101,1.1008,1.1012
2025-08-21,EURUSD,1.1126,1.1123,1.1128
2025-08-22,EURUSD,1.12,1.1198,1.1202
2025-08-25,EURUSD,1.1222,1.122,1.1224
2025-08-26,EURUSD,1.133,1.1328,1.1332
2025-08-27,EURUSD,1.1351,1.1349,1.1353
2025-08-28,EURUSD,1.1246,1.1244,1.1248
2025-08-29,EURUSD,1.1192,1.119,1.1194
2025-09-01,EURUSD,1.1202,1.1199,1.1204
2025-09-02,EURUSD,1.1357,1.1354,1.1359
2025-09-03,EURUSD,1.1288,1.1285,1.129
2025-09-04,EURUSD,1.1281,1.1279,1.1283
2025-09-05,EURUSD,1.1311,1.1309,1.1313
2025-09-08,EURUSD,1.1251,1.1249,1.1253
2025-09-09,EURUSD,1.1217,1.1215,1.1219
2025-09-10,EURUSD,1.1198,1.1196,1.12
2025-09-11,EURUSD,1.1019,1.1017,1.1021
2025-09-12,EURUSD,1.0902,1.09,1.0904
2025-09-15,EURUSD,1.0878,1.0876,1.088
2025-09-16,EURUSD,1.0942,1.094,1.0944
2025-09-17,EURUSD,1.1001,1.0999,1.1003
2025-09-18,EURUSD,1.0993,1.0991,1.0995
2025-09-19,EURUSD,1.1068,1.1066,1.107
2025-09-22,EURUSD,1.1162,1.1159,1.1164
2025-09-23,EURUSD,1.1049,1.1047,1.1051
2025-09-24,EURUSD,1.1006,1.1004,1.1008
2025-09-25,EURUSD,1.1024,1.1022,1.1026
2025-09-26,EURUSD,1.0933,1.0931,1.0935
2025-09-29,EURUSD,1.0953,1.0951,1.0956
2025-09-30,EURUSD,1.0959,1.0957,1.0961
2025-10-01,EURUSD,1.0995,1.0993,1.0997
2025-10-02,EURUSD,1.0971,1.0969,1.0974
2025-10-03,EURUSD,1.0986,1.0983,1.0988
2025-10-06,EURUSD,1.1072,1.107,1.1074
2025-10-07,EURUSD,1.1097,1.1094,1.1099
2025-10-08,EURUSD,1.1074,1.1072,1.1076
2025-10-09,EURUSD,1.1024,1.1022,1.1027
2025-10-10,EURUSD,1.0927,1.0925,1.0929
2025-10-13,EURUSD,1.0861,1.0859,1.0863
2025-10-14,EURUSD,1.0821,1.0818,1.0823
2025-10-15,EURUSD,1.066,1.0658,1.0662
2025-10-16,EURUSD,1.0607,1.0605,1.0609
2025-10-17,EURUSD,1.0598,1.0596,1.06
2025-10-20,EURUSD,1.0554,1.0552,1.0556
2025-10-21,EURUSD,1.0577,1.0575,1.058
2025-10-22,EURUSD,1.072,1.0718,1.0722
2025-10-23,EURUSD,1.0671,1.0669,1.0673
2025-10-24,EURUSD,1.0603,1.0601,1.0605
2025-10-27,EURUSD,1.0631,1.0629,1.0633
2025-10-28,EURUSD,1.0564,1.0561,1.0566
2025-10-29,EURUSD,1.0511,1.0509,1.0514
2025-10-30,EURUSD,1.0492,1.049,1.0494
2025-10-31,EURUSD,1.0484,1.0482,1.0486
2025-11-03,EURUSD,1.0499,1.0497,1.0501
2025-11-04,EURUSD,1.042,1.0418,1.0422
2025-11-05,EURUSD,1.0394,1.0392,1.0396
2025-11-06,EURUSD,1.0445,1.0442,1.0447
2025-11-07,EURUSD,1.0478,1.0476,1.048
2025-11-10,EURUSD,1.0452,1.045,1.0454
2025-11-11,EURUSD,1.0455,1.0453,1.0457
2025-11-12,EURUSD,1.0466,1.0463,1.0468
2025-11-13,EURUSD,1.0575,1.0573,1.0577
2025-11-14,EURUSD,1.0496,1.0494,1.0498
2025-11-17,EURUSD,1.059,1.0588,1.0592
2025-11-18,EURUSD,1.0576,1.0574,1.0578
2025-11-19,EURUSD,1.0542,1.054,1.0544
2025-11-20,EURUSD,1.064,1.0638,1.0642
2025-11-21,EURUSD,1.0647,1.0644,1.0649
2025-11-24,EURUSD,1.0603,1.0601,1.0605
2025-11-25,EURUSD,1.061,1.0607,1.0612
2025-11-26,EURUSD,1.0561,1.0559,1.0563
2025-11-27,EURUSD,1.0492,1.0489,1.0494
2025-11-28,EURUSD,1.0492,1.0489,1.0494
2025-12-01,EURUSD,1.0518,1.0516,1.052
2025-12-02,EURUSD,1.0543,1.0541,1.0545
2025-12-03,EURUSD,1.0525,1.0523,1.0527
2025-12-04,EURUSD,1.0598,1.0596,1.0601
2025-12-05,EURUSD,1.0587,1.0585,1.0589
2025-12-08,EURUSD,1.0613,1.0611,1.0615
2025-12-09,EURUSD,1.0705,1.0703,1.0707
2025-12-10,EURUSD,1.0734,1.0731,1.0736
2025-12-11,EURUSD,1.0785,1.0783,1.0787
2025-12-12,EURUSD,1.0798,1.0796,1.08
2025-12-15,EURUSD,1.0742,1.0739,1.0744
2025-12-16,EURUSD,1.0614,1.0612,1.0616
2025-12-17,EURUSD,1.0694,1.0692,1.0696
2025-12-18,EURUSD,1.0721,1.0719,1.0724
2025-12-19,EURUSD,1.0782,1.078,1.0785
2025-12-22,EURUSD,1.0797,1.0795,1.08
2025-12-23,EURUSD,1.0793,1.0791,1.0795
2025-12-24,EURUSD,1.0823,1.0821,1.0825
2025-12-25,EURUSD,1.0744,1.0742,1.0746
2025-12-26,EURUSD,1.072,1.0718,1.0722
2025-12-29,EURUSD,1.0722,1.072,1.0724
2025-12-30,EURUSD,1.0744,1.0741,1.0746
2025-12-31,EURUSD,1.0755,1.0753,1.0757
2026-01-01,EURUSD,1.0721,1.0719,1.0723
2026-01-02,EURUSD,1.0708,1.0706,1.071
2026-01-05,EURUSD,1.0694,1.0692,1.0696
2026-01-06,EURUSD,1.0678,1.0676,1.0681
2026-01-07,EURUSD,1.0657,1.0654,1.0659
2026-01-08,EURUSD,1.0681,1.0679,1.0683
2026-01-09,EURUSD,1.0735,1.0733,1.0737
2026-01-12,EURUSD,1.0764,1.0761,1.0766
2026-01-13,EURUSD,1.0838,1.0835,1.084
2026-01-14,EURUSD,1.0875,1.0873,1.0877
2026-01-15,EURUSD,1.0927,1.0924,1.0929
2026-01-16,EURUSD,1.0909,1.0907,1.0911
2026-01-19,EURUSD,1.0872,1.087,1.0874
2026-01-20,EURUSD,1.0856,1.0853,1.0858
2026-01-21,EURUSD,1.0863,1.0861,1.0865
2026-01-22,EURUSD,1.0803,1.0801,1.0806
2026-01-23,EURUSD,1.0798,1.0796,1.08
2026-01-26,EURUSD,1.0932,1.093,1.0934
2026-01-27,EURUSD,1.0863,1.0861,1.0865
2026-01-28,EURUSD,1.082,1.0818,1.0822
2026-01-29,EURUSD,1.0651,1.0649,1.0653
2026-01-30,EURUSD,1.0673,1.0671,1.0675
2026-02-02,EURUSD,1.0642,1.064,1.0644
2026-02-03,EURUSD,1.0568,1.0566,1.057
2026-02-04,EURUSD,1.0543,1.0541,1.0545
2026-02-05,EURUSD,1.0519,1.0517,1.0521
2026-02-06,EURUSD,1.0446,1.0444,1.0448
2026-02-09,EURUSD,1.0498,1.0496,1.05
2026-02-10,EURUSD,1.048,1.0478,1.0482
2026-02-11,EURUSD,1.0524,1.0521,1.0526
2026-02-12,EURUSD,1.0526,1.0524,1.0529
2026-02-13,EURUSD,1.0515,1.0513,1.0517
2026-02-16,EURUSD,1.0468,1.0466,1.0471
2026-02-17,EURUSD,1.0487,1.0485,1.0489
2026-02-18,EURUSD,1.0431,1.0429,1.0433
2026-02-19,EURUSD,1.0514,1.0512,1.0516
2026-02-20,EURUSD,1.0539,1.0537,1.0542
2026-02-23,EURUSD,1.0498,1.0496,1.05
2026-02-24,EURUSD,1.0637,1.0635,1.064
2026-02-25,EURUSD,1.0645,1.0643,1.0647
2026-02-26,EURUSD,1.0698,1.0696,1.07
2026-02-27,EURUSD,1.0698,1.0696,1.07
2026-03-02,EURUSD,1.0597,1.0595,1.0599
2026-03-03,EURUSD,1.0663,1.0661,1.0665
2026-03-04,EURUSD,1.0652,1.065,1.0655
2026-03-05,EURUSD,1.0674,1.0672,1.0676
2026-03-06,EURUSD,1.0573,1.0571,1.0575
2026-03-09,EURUSD,1.0509,1.0507,1.0511
2026-03-10,EURUSD,1.0533,1.0531,1.0535
2026-03-11,EURUSD,1.0547,1.0544,1.0549
2026-03-12,EURUSD,1.0462,1.046,1.0464
2026-03-13,EURUSD,1.0425,1.0423,1.0427
2026-03-16,EURUSD,1.0535,1.0532,1.0537
2026-03-17,EURUSD,1.0471,1.0468,1.0473
2026-03-18,EURUSD,1.0528,1.0526,1.053
2026-03-19,EURUSD,1.0512,1.051,1.0514
2026-03-20,EURUSD,1.0547,1.0545,1.0549
2026-03-23,EURUSD,1.0476,1.0474,1.0478
2026-03-24,EURUSD,1.047,1.0468,1.0472
2026-03-25,EURUSD,1.0448,1.0446,1.045
2026-03-26,EURUSD,1.0446,1.0444,1.0448
2026-03-27,EURUSD,1.0418,1.0416,1.042
2026-03-30,EURUSD,1.0468,1.0466,1.047
2026-03-31,EURUSD,1.0485,1.0483,1.0488
2026-04-01,EURUSD,1.0409,1.0407,1.0411
2026-04-02,EURUSD,1.0357,1.0355,1.0359
2026-04-03,EURUSD,1.0447,1.0445,1.045
2026-04-06,EURUSD,1.0327,1.0325,1.0329
2026-04-07,EURUSD,1.0364,1.0362,1.0366
2026-04-08,EURUSD,1.0408,1.0406,1.041
2026-04-09,EURUSD,1.0457,1.0455,1.0459
2026-04-10,EURUSD,1.0487,1.0485,1.0489
2026-04-13,EURUSD,1.0525,1.0522,1.0527
2026-04-14,EURUSD,1.0643,1.0641,1.0645
2026-04-15,EURUSD,1.057,1.0568,1.0572
2026-04-16,EURUSD,1.0464,1.0462,1.0466
2026-04-17,EURUSD,1.0618,1.0615,1.062
2026-04-20,EURUSD,1.0648,1.0646,1.065
2026-04-21,EURUSD,1.0739,1.0737,1.0741
2026-04-22,EURUSD,1.081,1.0807,1.0812
2026-04-23,EURUSD,1.0971,1.0969,1.0974
2026-04-24,EURUSD,1.1074,1.1072,1.1076
2026-04-27,EURUSD,1.1004,1.1002,1.1006
2026-04-28,EURUSD,1.1138,1.1136,1.114
2026-04-29,EURUSD,1.1099,1.1097,1.1101
2026-04-30,EURUSD,1.1122,1.112,1.1124
2026-05-01,EURUSD,1.104,1.1037,1.1042
2026-05-04,EURUSD,1.098,1.0978,1.0982
2026-05-05,EURUSD,1.0901,1.0899,1.0904
2026-05-06,EURUSD,1.0931,1.0929,1.0933
2026-05-07,EURUSD,1.0916,1.0913,1.0918
2026-05-08,EURUSD,1.0882,1.088,1.0885
2026-05-11,EURUSD,1.0948,1.0946,1.095
2026-05-12,EURUSD,1.1028,1.1026,1.103
2026-05-13,EURUSD,1.109,1.1088,1.1092
2026-05-14,EURUSD,1.1077,1.1075,1.108
2026-05-15,EURUSD,1.1179,1.1177,1.1182
2026-05-18,EURUSD,1.1165,1.1163,1.1167
2026-05-19,EURUSD,1.1161,1.1159,1.1164
2026-05-20,EURUSD,1.1106,1.1104,1.1108
2026-05-21,EURUSD,1.1172,1.117,1.1175
2026-05-22,EURUSD,1.109,1.1087,1.1092
2026-05-25,EURUSD,1.1104,1.1102,1.1107
2026-05-26,EURUSD,1.1186,1.1184,1.1188
2026-05-27,EURUSD,1.1188,1.1185,1.119
2026-05-28,EURUSD,1.1257,1.1255,1.126
2026-05-29,EURUSD,1.1342,1.134,1.1344
2026-06-01,EURUSD,1.1215,1.1213,1.1218
2026-06-02,EURUSD,1.1252,1.125,1.1254
2026-06-03,EURUSD,1.1184,1.1182,1.1186
2026-06-04,EURUSD,1.1186,1.1184,1.1189
2026-06-05,EURUSD,1.1068,1.1066,1.107
2026-06-08,EURUSD,1.1003,1.1001,1.1005
2026-06-09,EURUSD,1.0953,1.095,1.0955
2026-06-10,EURUSD,1.0923,1.0921,1.0926
2026-06-11,EURUSD,1.094,1.0938,1.0943
2026-06-12,EURUSD,1.1056,1.1054,1.1058
2026-06-15,EURUSD,1.1028,1.1025,1.103
2026-06-16,EURUSD,1.1099,1.1097,1.1101
2026-06-17,EURUSD,1.1045,1.1043,1.1047
2026-06-18,EURUSD,1.0996,1.0994,1.0998
2026-06-19,EURUSD,1.1117,1.1115,1.112
2026-06-22,EURUSD,1.1204,1.1201,1.1206
2026-06-23,EURUSD,1.13,1.1298,1.1302
2026-06-24,EURUSD,1.1327,1.1325,1.1329
2026-06-25,EURUSD,1.1246,1.1243,1.1248
2026-06-26,EURUSD,1.1262,1.126,1.1264
2026-06-29,EURUSD,1.1249,1.1247,1.1252
2026-06-30,EURUSD,1.1226,1.1224,1.1228
2026-07-01,EURUSD,1.12,1.1198,1.1202
2026-07-02,EURUSD,1.1062,1.1059,1.1064
2026-07-03,EURUSD,1.1028,1.1026,1.103
2026-07-06,EURUSD,1.0842,1.084,1.0844
2026-07-07,EURUSD,1.0712,1.071,1.0715
2026-07-08,EURUSD,1.0589,1.0587,1.0592
2026-07-09,EURUSD,1.0553,1.0551,1.0555
2026-07-10,EURUSD,1.0548,1.0545,1.055
2026-07-13,EURUSD,1.0565,1.0563,1.0568
2026-07-14,EURUSD,1.0533,1.0531,1.0535
2026-07-15,EURUSD,1.0474,1.0472,1.0476
2026-07-16,EURUSD,1.0492,1.049,1.0494
2026-07-17,EURUSD,1.0505,1.0503,1.0507
2026-07-20,EURUSD,1.0421,1.0419,1.0423
2026-07-21,EURUSD,1.0357,1.0355,1.0359
2026-07-22,EURUSD,1.0321,1.0319,1.0323
2026-07-23,EURUSD,1.0304,1.0302,1.0306
2026-07-24,EURUSD,1.0329,1.0326,1.0331
2026-07-27,EURUSD,1.0293,1.0291,1.0295
2026-07-28,EURUSD,1.0362,1.036,1.0364
2026-07-29,EURUSD,1.037,1.0368,1.0372
2026-07-30,EURUSD,1.0484,1.0481,1.0486
2026-07-31,EURUSD,1.0404,1.0402,1.0407
2026-08-03,EURUSD,1.0498,1.0496,1.05
2026-08-04,EURUSD,1.0653,1.0651,1.0656
2026-08-05,EURUSD,1.0638,1.0636,1.0641
2026-08-06,EURUSD,1.0647,1.0645,1.0649
2026-08-07,EURUSD,1.0684,1.0682,1.0686
2026-08-10,EURUSD,1.0675,1.0673,1.0677
2026-08-11,EURUSD,1.08,1.0798,1.0802
2026-08-12,EURUSD,1.0857,1.0855,1.0859
2026-08-13,EURUSD,1.0882,1.088,1.0884
2026-08-14,EURUSD,1.0897,1.0895,1.09
2026-08-17,EURUSD,1.0889,1.0887,1.0892
2026-08-18,EURUSD,1.0776,1.0774,1.0778
2026-08-19,EURUSD,1.08,1.0797,1.0802
2026-08-20,EURUSD,1.0788,1.0786,1.079
2026-08-21,EURUSD,1.0836,1.0833,1.0838
