date,tenor,years,yield_pct
2025-02-10,1M,0.08333333333333333,6.55
2025-02-10,3M,0.25,6.6
2025-02-10,6M,0.5,6.68
2025-02-10,1Y,1.0,6.75
2025-02-10,2Y,2.0,6.85
2025-02-10,5Y,5.0,6.95
2025-02-10,10Y,10.0,7.05
2025-02-10,30Y,30.0,7.2
2025-02-11,1M,0.08333333333333333,6.5535
2025-02-11,3M,0.25,6.5738
2025-02-11,6M,0.5,6.6939
2025-02-11,1Y,1.0,6.7377
2025-02-11,2Y,2.0,6.8351
2025-02-11,5Y,5.0,6.8956
2025-02-11,10Y,10.0,7.0383
2025-02-11,30Y,30.0,7.1965
2025-02-12,1M,0.08333333333333333,6.5679
2025-02-12,3M,0.25,6.5743
2025-02-12,6M,0.5,6.7072
2025-02-12,1Y,1.0,6.719
2025-02-12,2Y,2.0,6.8925
2025-02-12,5Y,5.0,6.8606
2025-02-12,10Y,10.0,7.0466
2025-02-12,30Y,30.0,7.191
2025-02-13,1M,0.08333333333333333,6.5547
2025-02-13,3M,0.25,6.5969
2025-02-13,6M,0.5,6.6952
2025-02-13,1Y,1.0,6.7367
2025-02-13,2Y,2.0,6.8521
2025-02-13,5Y,5.0,6.8779
2025-02-13,10Y,10.0,7.0395
2025-02-13,30Y,30.0,7.199
2025-02-14,1M,0.08333333333333333,6.5553
2025-02-14,3M,0.25,6.5937
2025-02-14,6M,0.5,6.7104
2025-02-14,1Y,1.0,6.7085
2025-02-14,2Y,2.0,6.8633
2025-02-14,5Y,5.0,6.9
2025-02-14,10Y,10.0,7.0069
2025-02-14,30Y,30.0,7.2328
2025-02-17,1M,0.08333333333333333,6.5487
2025-02-17,3M,0.25,6.5884
2025-02-17,6M,0.5,6.7086
2025-02-17,1Y,1.0,6.7244
2025-02-17,2Y,2.0,6.8559
2025-02-17,5Y,5.0,6.9353
2025-02-17,10Y,10.0,7.0452
2025-02-17,30Y,30.0,7.2387
2025-02-18,1M,0.08333333333333333,6.5395
2025-02-18,3M,0.25,6.5992
2025-02-18,6M,0.5,6.7206
2025-02-18,1Y,1.0,6.7526
2025-02-18,2Y,2.0,6.8465
2025-02-18,5Y,5.0,6.9084
2025-02-18,10Y,10.0,6.984
2025-02-18,30Y,30.0,7.2445
2025-02-19,1M,0.08333333333333333,6.5268
2025-02-19,3M,0.25,6.6026
2025-02-19,6M,0.5,6.7195
2025-02-19,1Y,1.0,6.7246
2025-02-19,2Y,2.0,6.8278
2025-02-19,5Y,5.0,6.8965
2025-02-19,10Y,10.0,6.9538
2025-02-19,30Y,30.0,7.2777
2025-02-20,1M,0.08333333333333333,6.5194
2025-02-20,3M,0.25,6.576
2025-02-20,6M,0.5,6.719
2025-02-20,1Y,1.0,6.7177
2025-02-20,2Y,2.0,6.8387
2025-02-20,5Y,5.0,6.8258
2025-02-20,10Y,10.0,6.9676
2025-02-20,30Y,30.0,7.2531
2025-02-21,1M,0.08333333333333333,6.5199
2025-02-21,3M,0.25,6.6002
2025-02-21,6M,0.5,6.7218
2025-02-21,1Y,1.0,6.7276
2025-02-21,2Y,2.0,6.8349
2025-02-21,5Y,5.0,6.8259
2025-02-21,10Y,10.0,6.9467
2025-02-21,30Y,30.0,7.2727
2025-02-24,1M,0.08333333333333333,6.5182
2025-02-24,3M,0.25,6.5964
2025-02-24,6M,0.5,6.7062
2025-02-24,1Y,1.0,6.747
2025-02-24,2Y,2.0,6.8094
2025-02-24,5Y,5.0,6.8892
2025-02-24,10Y,10.0,7.0143
2025-02-24,30Y,30.0,7.3322
2025-02-25,1M,0.08333333333333333,6.5381
2025-02-25,3M,0.25,6.5951
2025-02-25,6M,0.5,6.6996
2025-02-25,1Y,1.0,6.7522
2025-02-25,2Y,2.0,6.7746
2025-02-25,5Y,5.0,6.846
2025-02-25,10Y,10.0,7.0399
2025-02-25,30Y,30.0,7.2957
2025-02-26,1M,0.08333333333333333,6.5602
2025-02-26,3M,0.25,6.6089
2025-02-26,6M,0.5,6.7025
2025-02-26,1Y,1.0,6.7632
2025-02-26,2Y,2.0,6.7909
2025-02-26,5Y,5.0,6.8106
2025-02-26,10Y,10.0,7.0352
2025-02-26,30Y,30.0,7.3018
2025-02-27,1M,0.08333333333333333,6.5594
2025-02-27,3M,0.25,6.6148
2025-02-27,6M,0.5,6.7039
2025-02-27,1Y,1.0,6.7715
2025-02-27,2Y,2.0,6.7884
2025-02-27,5Y,5.0,6.835
2025-02-27,10Y,10.0,7.0321
2025-02-27,30Y,30.0,7.3721
2025-02-28,1M,0.08333333333333333,6.582
2025-02-28,3M,0.25,6.6126
2025-02-28,6M,0.5,6.6958
2025-02-28,1Y,1.0,6.7831
2025-02-28,2Y,2.0,6.7985
2025-02-28,5Y,5.0,6.8479
2025-02-28,10Y,10.0,7.0338
2025-02-28,30Y,30.0,7.4145
2025-03-03,1M,0.08333333333333333,6.5607
2025-03-03,3M,0.25,6.619
2025-03-03,6M,0.5,6.6948
2025-03-03,1Y,1.0,6.7986
2025-03-03,2Y,2.0,6.8183
2025-03-03,5Y,5.0,6.8338
2025-03-03,10Y,10.0,7.0446
2025-03-03,30Y,30.0,7.3878
2025-03-04,1M,0.08333333333333333,6.5832
2025-03-04,3M,0.25,6.6078
2025-03-04,6M,0.5,6.7126
2025-03-04,1Y,1.0,6.7968
2025-03-04,2Y,2.0,6.8347
2025-03-04,5Y,5.0,6.8468
2025-03-04,10Y,10.0,7.026
2025-03-04,30Y,30.0,7.3843
2025-03-05,1M,0.08333333333333333,6.5733
2025-03-05,3M,0.25,6.6144
2025-03-05,6M,0.5,6.7262
2025-03-05,1Y,1.0,6.7936
2025-03-05,2Y,2.0,6.8429
2025-03-05,5Y,5.0,6.8506
2025-03-05,10Y,10.0,7.0247
2025-03-05,30Y,30.0,7.3313
2025-03-06,1M,0.08333333333333333,6.5725
2025-03-06,3M,0.25,6.6133
2025-03-06,6M,0.5,6.7182
2025-03-06,1Y,1.0,6.7789
2025-03-06,2Y,2.0,6.8091
2025-03-06,5Y,5.0,6.8235
2025-03-06,10Y,10.0,7.0394
2025-03-06,30Y,30.0,7.2716
2025-03-07,1M,0.08333333333333333,6.5649
2025-03-07,3M,0.25,6.6023
2025-03-07,6M,0.5,6.7149
2025-03-07,1Y,1.0,6.7683
2025-03-07,2Y,2.0,6.815
2025-03-07,5Y,5.0,6.8021
2025-03-07,10Y,10.0,7.0759
2025-03-07,30Y,30.0,7.2382
2025-03-10,1M,0.08333333333333333,6.5596
2025-03-10,3M,0.25,6.5976
2025-03-10,6M,0.5,6.7435
2025-03-10,1Y,1.0,6.7988
2025-03-10,2Y,2.0,6.8521
2025-03-10,5Y,5.0,6.8694
2025-03-10,10Y,10.0,7.0826
2025-03-10,30Y,30.0,7.2471
2025-03-11,1M,0.08333333333333333,6.5511
2025-03-11,3M,0.25,6.6018
2025-03-11,6M,0.5,6.7334
2025-03-11,1Y,1.0,6.7942
2025-03-11,2Y,2.0,6.8646
2025-03-11,5Y,5.0,6.8654
2025-03-11,10Y,10.0,7.1067
2025-03-11,30Y,30.0,7.2167
2025-03-12,1M,0.08333333333333333,6.5492
2025-03-12,3M,0.25,6.6068
2025-03-12,6M,0.5,6.7565
2025-03-12,1Y,1.0,6.7736
2025-03-12,2Y,2.0,6.8554
2025-03-12,5Y,5.0,6.878
2025-03-12,10Y,10.0,7.0946
2025-03-12,30Y,30.0,7.1403
2025-03-13,1M,0.08333333333333333,6.5356
2025-03-13,3M,0.25,6.6137
2025-03-13,6M,0.5,6.7661
2025-03-13,1Y,1.0,6.7941
2025-03-13,2Y,2.0,6.8773
2025-03-13,5Y,5.0,6.908
2025-03-13,10Y,10.0,7.1143
2025-03-13,30Y,30.0,7.1472
2025-03-14,1M,0.08333333333333333,6.5199
2025-03-14,3M,0.25,6.6391
2025-03-14,6M,0.5,6.7565
2025-03-14,1Y,1.0,6.8262
2025-03-14,2Y,2.0,6.8856
2025-03-14,5Y,5.0,6.9428
2025-03-14,10Y,10.0,7.1009
2025-03-14,30Y,30.0,7.1656
2025-03-17,1M,0.08333333333333333,6.5243
2025-03-17,3M,0.25,6.637
2025-03-17,6M,0.5,6.7398
2025-03-17,1Y,1.0,6.8213
2025-03-17,2Y,2.0,6.9017
2025-03-17,5Y,5.0,6.9489
2025-03-17,10Y,10.0,7.1255
2025-03-17,30Y,30.0,7.1814
2025-03-18,1M,0.08333333333333333,6.5225
2025-03-18,3M,0.25,6.6441
2025-03-18,6M,0.5,6.7405
2025-03-18,1Y,1.0,6.8547
2025-03-18,2Y,2.0,6.8901
2025-03-18,5Y,5.0,6.9821
2025-03-18,10Y,10.0,7.0806
2025-03-18,30Y,30.0,7.1497
2025-03-19,1M,0.08333333333333333,6.5241
2025-03-19,3M,0.25,6.6501
2025-03-19,6M,0.5,6.746
2025-03-19,1Y,1.0,6.8356
2025-03-19,2Y,2.0,6.9121
2025-03-19,5Y,5.0,6.9471
2025-03-19,10Y,10.0,7.0814
2025-03-19,30Y,30.0,7.1696
2025-03-20,1M,0.08333333333333333,6.5339
2025-03-20,3M,0.25,6.6345
2025-03-20,6M,0.5,6.732
2025-03-20,1Y,1.0,6.8594
2025-03-20,2Y,2.0,6.9108
2025-03-20,5Y,5.0,6.9319
2025-03-20,10Y,10.0,7.1113
2025-03-20,30Y,30.0,7.1613
2025-03-21,1M,0.08333333333333333,6.525
2025-03-21,3M,0.25,6.619
2025-03-21,6M,0.5,6.7421
2025-03-21,1Y,1.0,6.8487
2025-03-21,2Y,2.0,6.9296
2025-03-21,5Y,5.0,6.9324
2025-03-21,10Y,10.0,7.1296
2025-03-21,30Y,30.0,7.1318
2025-03-24,1M,0.08333333333333333,6.5355
2025-03-24,3M,0.25,6.6133
2025-03-24,6M,0.5,6.7465
2025-03-24,1Y,1.0,6.8204
2025-03-24,2Y,2.0,6.9708
2025-03-24,5Y,5.0,6.9291
2025-03-24,10Y,10.0,7.0946
2025-03-24,30Y,30.0,7.1251
2025-03-25,1M,0.08333333333333333,6.5318
2025-03-25,3M,0.25,6.6078
2025-03-25,6M,0.5,6.7612
2025-03-25,1Y,1.0,6.7962
2025-03-25,2Y,2.0,6.9434
2025-03-25,5Y,5.0,6.9326
2025-03-25,10Y,10.0,7.1093
2025-03-25,30Y,30.0,7.0839
2025-03-26,1M,0.08333333333333333,6.5332
2025-03-26,3M,0.25,6.6155
2025-03-26,6M,0.5,6.7667
2025-03-26,1Y,1.0,6.752
2025-03-26,2Y,2.0,6.9408
2025-03-26,5Y,5.0,6.961
2025-03-26,10Y,10.0,7.0949
2025-03-26,30Y,30.0,7.0577
2025-03-27,1M,0.08333333333333333,6.536
2025-03-27,3M,0.25,6.6083
2025-03-27,6M,0.5,6.7623
2025-03-27,1Y,1.0,6.7907
2025-03-27,2Y,2.0,6.9143
2025-03-27,5Y,5.0,6.9533
2025-03-27,10Y,10.0,7.0744
2025-03-27,30Y,30.0,7.0275
2025-03-28,1M,0.08333333333333333,6.5509
2025-03-28,3M,0.25,6.5997
2025-03-28,6M,0.5,6.7625
2025-03-28,1Y,1.0,6.793
2025-03-28,2Y,2.0,6.8992
2025-03-28,5Y,5.0,6.9646
2025-03-28,10Y,10.0,7.069
2025-03-28,30Y,30.0,7.0153
2025-03-31,1M,0.08333333333333333,6.5581
2025-03-31,3M,0.25,6.6205
2025-03-31,6M,0.5,6.7722
2025-03-31,1Y,1.0,6.8303
2025-03-31,2Y,2.0,6.916
2025-03-31,5Y,5.0,6.9859
2025-03-31,10Y,10.0,7.0648
2025-03-31,30Y,30.0,7.0539
2025-04-01,1M,0.08333333333333333,6.5674
2025-04-01,3M,0.25,6.6159
2025-04-01,6M,0.5,6.7943
2025-04-01,1Y,1.0,6.8334
2025-04-01,2Y,2.0,6.9507
2025-04-01,5Y,5.0,7.051
2025-04-01,10Y,10.0,7.0922
2025-04-01,30Y,30.0,7.0559
2025-04-02,1M,0.08333333333333333,6.5826
2025-04-02,3M,0.25,6.6295
2025-04-02,6M,0.5,6.7814
2025-04-02,1Y,1.0,6.8557
2025-04-02,2Y,2.0,6.9217
2025-04-02,5Y,5.0,7.0456
2025-04-02,10Y,10.0,7.1255
2025-04-02,30Y,30.0,7.0706
2025-04-03,1M,0.08333333333333333,6.5749
2025-04-03,3M,0.25,6.6251
2025-04-03,6M,0.5,6.7546
2025-04-03,1Y,1.0,6.8701
2025-04-03,2Y,2.0,6.8927
2025-04-03,5Y,5.0,7.0379
2025-04-03,10Y,10.0,7.1119
2025-04-03,30Y,30.0,7.0979
2025-04-04,1M,0.08333333333333333,6.5612
2025-04-04,3M,0.25,6.6505
2025-04-04,6M,0.5,6.735
2025-04-04,1Y,1.0,6.8503
2025-04-04,2Y,2.0,6.9188
2025-04-04,5Y,5.0,7.0254
2025-04-04,10Y,10.0,7.0711
2025-04-04,30Y,30.0,7.0989
2025-04-07,1M,0.08333333333333333,6.5547
2025-04-07,3M,0.25,6.6462
2025-04-07,6M,0.5,6.7327
2025-04-07,1Y,1.0,6.8507
2025-04-07,2Y,2.0,6.9245
2025-04-07,5Y,5.0,7.0009
2025-04-07,10Y,10.0,7.0663
2025-04-07,30Y,30.0,7.0878
2025-04-08,1M,0.08333333333333333,6.552
2025-04-08,3M,0.25,6.6564
2025-04-08,6M,0.5,6.7226
2025-04-08,1Y,1.0,6.8227
2025-04-08,2Y,2.0,6.9227
2025-04-08,5Y,5.0,6.9525
2025-04-08,10Y,10.0,7.1114
2025-04-08,30Y,30.0,7.0652
2025-04-09,1M,0.08333333333333333,6.5515
2025-04-09,3M,0.25,6.6304
2025-04-09,6M,0.5,6.6975
2025-04-09,1Y,1.0,6.8619
2025-04-09,2Y,2.0,6.8877
2025-04-09,5Y,5.0,6.958
2025-04-09,10Y,10.0,7.1087
2025-04-09,30Y,30.0,7.0926
2025-04-10,1M,0.08333333333333333,6.5399
2025-04-10,3M,0.25,6.6349
2025-04-10,6M,0.5,6.6851
2025-04-10,1Y,1.0,6.8258
2025-04-10,2Y,2.0,6.8822
2025-04-10,5Y,5.0,6.9647
2025-04-10,10Y,10.0,7.1647
2025-04-10,30Y,30.0,7.1181
2025-04-11,1M,0.08333333333333333,6.5504
2025-04-11,3M,0.25,6.634
2025-04-11,6M,0.5,6.6814
2025-04-11,1Y,1.0,6.8171
2025-04-11,2Y,2.0,6.8976
2025-04-11,5Y,5.0,6.9386
2025-04-11,10Y,10.0,7.1571
2025-04-11,30Y,30.0,7.1452
2025-04-14,1M,0.08333333333333333,6.5495
2025-04-14,3M,0.25,6.61
2025-04-14,6M,0.5,6.6926
2025-04-14,1Y,1.0,6.7944
2025-04-14,2Y,2.0,6.9106
2025-04-14,5Y,5.0,6.9228
2025-04-14,10Y,10.0,7.1579
2025-04-14,30Y,30.0,7.1341
2025-04-15,1M,0.08333333333333333,6.5505
2025-04-15,3M,0.25,6.6178
2025-04-15,6M,0.5,6.7042
2025-04-15,1Y,1.0,6.8282
2025-04-15,2Y,2.0,6.9024
2025-04-15,5Y,5.0,6.9246
2025-04-15,10Y,10.0,7.1363
2025-04-15,30Y,30.0,7.1032
2025-04-16,1M,0.08333333333333333,6.5566
2025-04-16,3M,0.25,6.6353
2025-04-16,6M,0.5,6.7114
2025-04-16,1Y,1.0,6.7936
2025-04-16,2Y,2.0,6.87
2025-04-16,5Y,5.0,6.9357
2025-04-16,10Y,10.0,7.1302
2025-04-16,30Y,30.0,7.0847
2025-04-17,1M,0.08333333333333333,6.5638
2025-04-17,3M,0.25,6.6319
2025-04-17,6M,0.5,6.7111
2025-04-17,1Y,1.0,6.7863
2025-04-17,2Y,2.0,6.7908
2025-04-17,5Y,5.0,6.938
2025-04-17,10Y,10.0,7.0751
2025-04-17,30Y,30.0,7.1035
2025-04-18,1M,0.08333333333333333,6.5624
2025-04-18,3M,0.25,6.6329
2025-04-18,6M,0.5,6.7212
2025-04-18,1Y,1.0,6.7745
2025-04-18,2Y,2.0,6.8076
2025-04-18,5Y,5.0,6.9357
2025-04-18,10Y,10.0,7.0511
2025-04-18,30Y,30.0,7.1036
2025-04-21,1M,0.08333333333333333,6.5672
2025-04-21,3M,0.25,6.6401
2025-04-21,6M,0.5,6.6966
2025-04-21,1Y,1.0,6.7836
2025-04-21,2Y,2.0,6.7733
2025-04-21,5Y,5.0,6.9526
2025-04-21,10Y,10.0,7.0473
2025-04-21,30Y,30.0,7.0644
2025-04-22,1M,0.08333333333333333,6.5801
2025-04-22,3M,0.25,6.6146
2025-04-22,6M,0.5,6.6963
2025-04-22,1Y,1.0,6.7813
2025-04-22,2Y,2.0,6.7709
2025-04-22,5Y,5.0,6.9923
2025-04-22,10Y,10.0,6.9955
2025-04-22,30Y,30.0,7.0598
2025-04-23,1M,0.08333333333333333,6.5979
2025-04-23,3M,0.25,6.6318
2025-04-23,6M,0.5,6.7087
2025-04-23,1Y,1.0,6.7707
2025-04-23,2Y,2.0,6.7583
2025-04-23,5Y,5.0,6.9794
2025-04-23,10Y,10.0,7.077
2025-04-23,30Y,30.0,7.09
2025-04-24,1M,0.08333333333333333,6.6178
2025-04-24,3M,0.25,6.6507
2025-04-24,6M,0.5,6.7
2025-04-24,1Y,1.0,6.778
2025-04-24,2Y,2.0,6.7888
2025-04-24,5Y,5.0,7.0011
2025-04-24,10Y,10.0,7.0457
2025-04-24,30Y,30.0,7.1247
2025-04-25,1M,0.08333333333333333,6.5991
2025-04-25,3M,0.25,6.6349
2025-04-25,6M,0.5,6.6917
2025-04-25,1Y,1.0,6.8191
2025-04-25,2Y,2.0,6.7984
2025-04-25,5Y,5.0,6.9391
2025-04-25,10Y,10.0,7.0465
2025-04-25,30Y,30.0,7.1666
2025-04-28,1M,0.08333333333333333,6.5845
2025-04-28,3M,0.25,6.6386
2025-04-28,6M,0.5,6.6924
2025-04-28,1Y,1.0,6.8352
2025-04-28,2Y,2.0,6.8045
2025-04-28,5Y,5.0,6.9484
2025-04-28,10Y,10.0,6.9723
2025-04-28,30Y,30.0,7.2049
2025-04-29,1M,0.08333333333333333,6.5755
2025-04-29,3M,0.25,6.6375
2025-04-29,6M,0.5,6.6865
2025-04-29,1Y,1.0,6.8331
2025-04-29,2Y,2.0,6.8154
2025-04-29,5Y,5.0,6.971
2025-04-29,10Y,10.0,6.9965
2025-04-29,30Y,30.0,7.2294
2025-04-30,1M,0.08333333333333333,6.5823
2025-04-30,3M,0.25,6.6467
2025-04-30,6M,0.5,6.6789
2025-04-30,1Y,1.0,6.8058
2025-04-30,2Y,2.0,6.8501
2025-04-30,5Y,5.0,6.9132
2025-04-30,10Y,10.0,6.9771
2025-04-30,30Y,30.0,7.2499
2025-05-01,1M,0.08333333333333333,6.5778
2025-05-01,3M,0.25,6.6581
2025-05-01,6M,0.5,6.693
2025-05-01,1Y,1.0,6.7702
2025-05-01,2Y,2.0,6.9017
2025-05-01,5Y,5.0,6.961
2025-05-01,10Y,10.0,6.9948
2025-05-01,30Y,30.0,7.2798
2025-05-02,1M,0.08333333333333333,6.576
2025-05-02,3M,0.25,6.674
2025-05-02,6M,0.5,6.6828
2025-05-02,1Y,1.0,6.7977
2025-05-02,2Y,2.0,6.8282
2025-05-02,5Y,5.0,6.9412
2025-05-02,10Y,10.0,7.0632
2025-05-02,30Y,30.0,7.2915
2025-05-05,1M,0.08333333333333333,6.5711
2025-05-05,3M,0.25,6.6715
2025-05-05,6M,0.5,6.6635
2025-05-05,1Y,1.0,6.8017
2025-05-05,2Y,2.0,6.8229
2025-05-05,5Y,5.0,6.931
2025-05-05,10Y,10.0,6.9896
2025-05-05,30Y,30.0,7.2701
2025-05-06,1M,0.08333333333333333,6.5636
2025-05-06,3M,0.25,6.6538
2025-05-06,6M,0.5,6.6801
2025-05-06,1Y,1.0,6.7866
2025-05-06,2Y,2.0,6.8045
2025-05-06,5Y,5.0,6.9068
2025-05-06,10Y,10.0,7.0114
2025-05-06,30Y,30.0,7.2807
2025-05-07,1M,0.08333333333333333,6.573
2025-05-07,3M,0.25,6.6494
2025-05-07,6M,0.5,6.7025
2025-05-07,1Y,1.0,6.8143
2025-05-07,2Y,2.0,6.8056
2025-05-07,5Y,5.0,6.9002
2025-05-07,10Y,10.0,7.003
2025-05-07,30Y,30.0,7.2741
2025-05-08,1M,0.08333333333333333,6.5554
2025-05-08,3M,0.25,6.6321
2025-05-08,6M,0.5,6.7055
2025-05-08,1Y,1.0,6.8528
2025-05-08,2Y,2.0,6.8166
2025-05-08,5Y,5.0,6.8902
2025-05-08,10Y,10.0,6.9605
2025-05-08,30Y,30.0,7.2617
2025-05-09,1M,0.08333333333333333,6.5451
2025-05-09,3M,0.25,6.6411
2025-05-09,6M,0.5,6.7349
2025-05-09,1Y,1.0,6.8594
2025-05-09,2Y,2.0,6.8039
2025-05-09,5Y,5.0,6.8874
2025-05-09,10Y,10.0,6.993
2025-05-09,30Y,30.0,7.2732
2025-05-12,1M,0.08333333333333333,6.5325
2025-05-12,3M,0.25,6.647
2025-05-12,6M,0.5,6.7299
2025-05-12,1Y,1.0,6.8583
2025-05-12,2Y,2.0,6.8395
2025-05-12,5Y,5.0,6.8603
2025-05-12,10Y,10.0,6.992
2025-05-12,30Y,30.0,7.2877
2025-05-13,1M,0.08333333333333333,6.5313
2025-05-13,3M,0.25,6.64
2025-05-13,6M,0.5,6.7316
2025-05-13,1Y,1.0,6.8177
2025-05-13,2Y,2.0,6.8591
2025-05-13,5Y,5.0,6.853
2025-05-13,10Y,10.0,6.9682
2025-05-13,30Y,30.0,7.2812
2025-05-14,1M,0.08333333333333333,6.545
2025-05-14,3M,0.25,6.6437
2025-05-14,6M,0.5,6.7091
2025-05-14,1Y,1.0,6.8424
2025-05-14,2Y,2.0,6.8405
2025-05-14,5Y,5.0,6.8644
2025-05-14,10Y,10.0,6.9844
2025-05-14,30Y,30.0,7.2727
2025-05-15,1M,0.08333333333333333,6.5677
2025-05-15,3M,0.25,6.6333
2025-05-15,6M,0.5,6.6932
2025-05-15,1Y,1.0,6.8207
2025-05-15,2Y,2.0,6.8278
2025-05-15,5Y,5.0,6.9333
2025-05-15,10Y,10.0,6.9991
2025-05-15,30Y,30.0,7.2553
2025-05-16,1M,0.08333333333333333,6.5742
2025-05-16,3M,0.25,6.646
2025-05-16,6M,0.5,6.6828
2025-05-16,1Y,1.0,6.7971
2025-05-16,2Y,2.0,6.8124
2025-05-16,5Y,5.0,6.8702
2025-05-16,10Y,10.0,7.0012
2025-05-16,30Y,30.0,7.2533
2025-05-19,1M,0.08333333333333333,6.5695
2025-05-19,3M,0.25,6.6469
2025-05-19,6M,0.5,6.7175
2025-05-19,1Y,1.0,6.8369
2025-05-19,2Y,2.0,6.819
2025-05-19,5Y,5.0,6.8611
2025-05-19,10Y,10.0,6.965
2025-05-19,30Y,30.0,7.3439
2025-05-20,1M,0.08333333333333333,6.576
2025-05-20,3M,0.25,6.6548
2025-05-20,6M,0.5,6.7154
2025-05-20,1Y,1.0,6.8165
2025-05-20,2Y,2.0,6.7981
2025-05-20,5Y,5.0,6.8269
2025-05-20,10Y,10.0,6.9599
2025-05-20,30Y,30.0,7.3442
2025-05-21,1M,0.08333333333333333,6.5715
2025-05-21,3M,0.25,6.6424
2025-05-21,6M,0.5,6.7112
2025-05-21,1Y,1.0,6.7943
2025-05-21,2Y,2.0,6.8299
2025-05-21,5Y,5.0,6.8007
2025-05-21,10Y,10.0,6.9588
2025-05-21,30Y,30.0,7.2738
2025-05-22,1M,0.08333333333333333,6.5707
2025-05-22,3M,0.25,6.6423
2025-05-22,6M,0.5,6.6969
2025-05-22,1Y,1.0,6.7977
2025-05-22,2Y,2.0,6.8615
2025-05-22,5Y,5.0,6.7609
2025-05-22,10Y,10.0,6.9675
2025-05-22,30Y,30.0,7.3265
2025-05-23,1M,0.08333333333333333,6.5762
2025-05-23,3M,0.25,6.6549
2025-05-23,6M,0.5,6.701
2025-05-23,1Y,1.0,6.8083
2025-05-23,2Y,2.0,6.8458
2025-05-23,5Y,5.0,6.7935
2025-05-23,10Y,10.0,6.9936
2025-05-23,30Y,30.0,7.3226
2025-05-26,1M,0.08333333333333333,6.5782
2025-05-26,3M,0.25,6.6441
2025-05-26,6M,0.5,6.6819
2025-05-26,1Y,1.0,6.8049
2025-05-26,2Y,2.0,6.8347
2025-05-26,5Y,5.0,6.7934
2025-05-26,10Y,10.0,7.0141
2025-05-26,30Y,30.0,7.3225
2025-05-27,1M,0.08333333333333333,6.5687
2025-05-27,3M,0.25,6.6472
2025-05-27,6M,0.5,6.7012
2025-05-27,1Y,1.0,6.8162
2025-05-27,2Y,2.0,6.8243
2025-05-27,5Y,5.0,6.8251
2025-05-27,10Y,10.0,7.0019
2025-05-27,30Y,30.0,7.2573
2025-05-28,1M,0.08333333333333333,6.5593
2025-05-28,3M,0.25,6.6714
2025-05-28,6M,0.5,6.6742
2025-05-28,1Y,1.0,6.8042
2025-05-28,2Y,2.0,6.8332
2025-05-28,5Y,5.0,6.8803
2025-05-28,10Y,10.0,7.0419
2025-05-28,30Y,30.0,7.2946
2025-05-29,1M,0.08333333333333333,6.5504
2025-05-29,3M,0.25,6.643
2025-05-29,6M,0.5,6.6907
2025-05-29,1Y,1.0,6.778
2025-05-29,2Y,2.0,6.8007
2025-05-29,5Y,5.0,6.8549
2025-05-29,10Y,10.0,7.0581
2025-05-29,30Y,30.0,7.2531
2025-05-30,1M,0.08333333333333333,6.555
2025-05-30,3M,0.25,6.6341
2025-05-30,6M,0.5,6.6904
2025-05-30,1Y,1.0,6.7808
2025-05-30,2Y,2.0,6.8237
2025-05-30,5Y,5.0,6.8213
2025-05-30,10Y,10.0,7.0566
2025-05-30,30Y,30.0,7.268
2025-06-02,1M,0.08333333333333333,6.5638
2025-06-02,3M,0.25,6.6317
2025-06-02,6M,0.5,6.7029
2025-06-02,1Y,1.0,6.7608
2025-06-02,2Y,2.0,6.8648
2025-06-02,5Y,5.0,6.858
2025-06-02,10Y,10.0,7.1273
2025-06-02,30Y,30.0,7.2685
2025-06-03,1M,0.08333333333333333,6.5618
2025-06-03,3M,0.25,6.6241
2025-06-03,6M,0.5,6.7205
2025-06-03,1Y,1.0,6.7581
2025-06-03,2Y,2.0,6.8877
2025-06-03,5Y,5.0,6.8424
2025-06-03,10Y,10.0,7.1284
2025-06-03,30Y,30.0,7.2805
2025-06-04,1M,0.08333333333333333,6.5596
2025-06-04,3M,0.25,6.6284
2025-06-04,6M,0.5,6.7192
2025-06-04,1Y,1.0,6.7574
2025-06-04,2Y,2.0,6.8895
2025-06-04,5Y,5.0,6.8375
2025-06-04,10Y,10.0,7.1142
2025-06-04,30Y,30.0,7.2452
2025-06-05,1M,0.08333333333333333,6.5622
2025-06-05,3M,0.25,6.6207
2025-06-05,6M,0.5,6.6818
2025-06-05,1Y,1.0,6.7481
2025-06-05,2Y,2.0,6.9128
2025-06-05,5Y,5.0,6.87
2025-06-05,10Y,10.0,7.0755
2025-06-05,30Y,30.0,7.2464
2025-06-06,1M,0.08333333333333333,6.5702
2025-06-06,3M,0.25,6.6182
2025-06-06,6M,0.5,6.6834
2025-06-06,1Y,1.0,6.7607
2025-06-06,2Y,2.0,6.926
2025-06-06,5Y,5.0,6.912
2025-06-06,10Y,10.0,7.0673
2025-06-06,30Y,30.0,7.2487
2025-06-09,1M,0.08333333333333333,6.5663
2025-06-09,3M,0.25,6.624
2025-06-09,6M,0.5,6.6818
2025-06-09,1Y,1.0,6.7467
2025-06-09,2Y,2.0,6.9385
2025-06-09,5Y,5.0,6.9286
2025-06-09,10Y,10.0,7.0698
2025-06-09,30Y,30.0,7.2837
2025-06-10,1M,0.08333333333333333,6.5682
2025-06-10,3M,0.25,6.6181
2025-06-10,6M,0.5,6.6718
2025-06-10,1Y,1.0,6.7154
2025-06-10,2Y,2.0,6.9175
2025-06-10,5Y,5.0,6.9491
2025-06-10,10Y,10.0,7.0352
2025-06-10,30Y,30.0,7.2595
2025-06-11,1M,0.08333333333333333,6.5734
2025-06-11,3M,0.25,6.6311
2025-06-11,6M,0.5,6.6797
2025-06-11,1Y,1.0,6.7244
2025-06-11,2Y,2.0,6.9401
2025-06-11,5Y,5.0,6.9527
2025-06-11,10Y,10.0,7.0683
2025-06-11,30Y,30.0,7.2695
2025-06-12,1M,0.08333333333333333,6.5789
2025-06-12,3M,0.25,6.6137
2025-06-12,6M,0.5,6.6915
2025-06-12,1Y,1.0,6.7355
2025-06-12,2Y,2.0,6.9367
2025-06-12,5Y,5.0,6.9893
2025-06-12,10Y,10.0,7.1302
2025-06-12,30Y,30.0,7.2286
2025-06-13,1M,0.08333333333333333,6.5935
2025-06-13,3M,0.25,6.6151
2025-06-13,6M,0.5,6.7052
2025-06-13,1Y,1.0,6.7127
2025-06-13,2Y,2.0,6.929
2025-06-13,5Y,5.0,6.9889
2025-06-13,10Y,10.0,7.0627
2025-06-13,30Y,30.0,7.2457
2025-06-16,1M,0.08333333333333333,6.5833
2025-06-16,3M,0.25,6.6298
2025-06-16,6M,0.5,6.7022
2025-06-16,1Y,1.0,6.7109
2025-06-16,2Y,2.0,6.9256
2025-06-16,5Y,5.0,7.0137
2025-06-16,10Y,10.0,7.0628
2025-06-16,30Y,30.0,7.2599
2025-06-17,1M,0.08333333333333333,6.5754
2025-06-17,3M,0.25,6.6139
2025-06-17,6M,0.5,6.7133
2025-06-17,1Y,1.0,6.6846
2025-06-17,2Y,2.0,6.9024
2025-06-17,5Y,5.0,6.9762
2025-06-17,10Y,10.0,7.0632
2025-06-17,30Y,30.0,7.2419
2025-06-18,1M,0.08333333333333333,6.5655
2025-06-18,3M,0.25,6.5996
2025-06-18,6M,0.5,6.7053
2025-06-18,1Y,1.0,6.7185
2025-06-18,2Y,2.0,6.8662
2025-06-18,5Y,5.0,6.9527
2025-06-18,10Y,10.0,7.0413
2025-06-18,30Y,30.0,7.2347
2025-06-19,1M,0.08333333333333333,6.56
2025-06-19,3M,0.25,6.6048
2025-06-19,6M,0.5,6.714
2025-06-19,1Y,1.0,6.784
2025-06-19,2Y,2.0,6.8389
2025-06-19,5Y,5.0,6.9178
2025-06-19,10Y,10.0,7.0118
2025-06-19,30Y,30.0,7.2404
2025-06-20,1M,0.08333333333333333,6.5659
2025-06-20,3M,0.25,6.6095
2025-06-20,6M,0.5,6.7222
2025-06-20,1Y,1.0,6.7765
2025-06-20,2Y,2.0,6.8358
2025-06-20,5Y,5.0,6.9407
2025-06-20,10Y,10.0,7.0
2025-06-20,30Y,30.0,7.2839
2025-06-23,1M,0.08333333333333333,6.5744
2025-06-23,3M,0.25,6.6286
2025-06-23,6M,0.5,6.7233
2025-06-23,1Y,1.0,6.7519
2025-06-23,2Y,2.0,6.8213
2025-06-23,5Y,5.0,6.8724
2025-06-23,10Y,10.0,7.0558
2025-06-23,30Y,30.0,7.2377
2025-06-24,1M,0.08333333333333333,6.5784
2025-06-24,3M,0.25,6.6399
2025-06-24,6M,0.5,6.7263
2025-06-24,1Y,1.0,6.7075
2025-06-24,2Y,2.0,6.8076
2025-06-24,5Y,5.0,6.8717
2025-06-24,10Y,10.0,7.0148
2025-06-24,30Y,30.0,7.2344
2025-06-25,1M,0.08333333333333333,6.5782
2025-06-25,3M,0.25,6.6408
2025-06-25,6M,0.5,6.7339
2025-06-25,1Y,1.0,6.7276
2025-06-25,2Y,2.0,6.8315
2025-06-25,5Y,5.0,6.9031
2025-06-25,10Y,10.0,7.0174
2025-06-25,30Y,30.0,7.2015
2025-06-26,1M,0.08333333333333333,6.5699
2025-06-26,3M,0.25,6.6453
2025-06-26,6M,0.5,6.7295
2025-06-26,1Y,1.0,6.7447
2025-06-26,2Y,2.0,6.8525
2025-06-26,5Y,5.0,6.9156
2025-06-26,10Y,10.0,7.0244
2025-06-26,30Y,30.0,7.1866
2025-06-27,1M,0.08333333333333333,6.5681
2025-06-27,3M,0.25,6.6566
2025-06-27,6M,0.5,6.74
2025-06-27,1Y,1.0,6.7328
2025-06-27,2Y,2.0,6.835
2025-06-27,5Y,5.0,6.9134
2025-06-27,10Y,10.0,7.0098
2025-06-27,30Y,30.0,7.1785
2025-06-30,1M,0.08333333333333333,6.5768
2025-06-30,3M,0.25,6.6409
2025-06-30,6M,0.5,6.7574
2025-06-30,1Y,1.0,6.7095
2025-06-30,2Y,2.0,6.8323
2025-06-30,5Y,5.0,6.9391
2025-06-30,10Y,10.0,6.9754
2025-06-30,30Y,30.0,7.1636
2025-07-01,1M,0.08333333333333333,6.5712
2025-07-01,3M,0.25,6.6151
2025-07-01,6M,0.5,6.7506
2025-07-01,1Y,1.0,6.6825
2025-07-01,2Y,2.0,6.8215
2025-07-01,5Y,5.0,6.9452
2025-07-01,10Y,10.0,6.9863
2025-07-01,30Y,30.0,7.1153
2025-07-02,1M,0.08333333333333333,6.5585
2025-07-02,3M,0.25,6.616
2025-07-02,6M,0.5,6.7298
2025-07-02,1Y,1.0,6.6897
2025-07-02,2Y,2.0,6.7912
2025-07-02,5Y,5.0,6.9283
2025-07-02,10Y,10.0,6.941
2025-07-02,30Y,30.0,7.1569
2025-07-03,1M,0.08333333333333333,6.5542
2025-07-03,3M,0.25,6.6178
2025-07-03,6M,0.5,6.69
2025-07-03,1Y,1.0,6.7152
2025-07-03,2Y,2.0,6.7767
2025-07-03,5Y,5.0,6.9406
2025-07-03,10Y,10.0,6.9286
2025-07-03,30Y,30.0,7.1428
2025-07-04,1M,0.08333333333333333,6.5534
2025-07-04,3M,0.25,6.5965
2025-07-04,6M,0.5,6.6606
2025-07-04,1Y,1.0,6.7404
2025-07-04,2Y,2.0,6.7866
2025-07-04,5Y,5.0,6.883
2025-07-04,10Y,10.0,6.9633
2025-07-04,30Y,30.0,7.1212
2025-07-07,1M,0.08333333333333333,6.5615
2025-07-07,3M,0.25,6.6096
2025-07-07,6M,0.5,6.6402
2025-07-07,1Y,1.0,6.7076
2025-07-07,2Y,2.0,6.7944
2025-07-07,5Y,5.0,6.8757
2025-07-07,10Y,10.0,6.9626
2025-07-07,30Y,30.0,7.1469
2025-07-08,1M,0.08333333333333333,6.5721
2025-07-08,3M,0.25,6.5945
2025-07-08,6M,0.5,6.6377
2025-07-08,1Y,1.0,6.6827
2025-07-08,2Y,2.0,6.7534
2025-07-08,5Y,5.0,6.8708
2025-07-08,10Y,10.0,6.9786
2025-07-08,30Y,30.0,7.1615
2025-07-09,1M,0.08333333333333333,6.5855
2025-07-09,3M,0.25,6.5774
2025-07-09,6M,0.5,6.6525
2025-07-09,1Y,1.0,6.7125
2025-07-09,2Y,2.0,6.7574
2025-07-09,5Y,5.0,6.8523
2025-07-09,10Y,10.0,6.9856
2025-07-09,30Y,30.0,7.0776
2025-07-10,1M,0.08333333333333333,6.579
2025-07-10,3M,0.25,6.5513
2025-07-10,6M,0.5,6.6542
2025-07-10,1Y,1.0,6.6808
2025-07-10,2Y,2.0,6.7837
2025-07-10,5Y,5.0,6.8947
2025-07-10,10Y,10.0,6.9566
2025-07-10,30Y,30.0,7.0858
2025-07-11,1M,0.08333333333333333,6.5762
2025-07-11,3M,0.25,6.5602
2025-07-11,6M,0.5,6.6865
2025-07-11,1Y,1.0,6.6703
2025-07-11,2Y,2.0,6.7628
2025-07-11,5Y,5.0,6.8389
2025-07-11,10Y,10.0,6.9729
2025-07-11,30Y,30.0,7.0352
2025-07-14,1M,0.08333333333333333,6.5768
2025-07-14,3M,0.25,6.5614
2025-07-14,6M,0.5,6.6941
2025-07-14,1Y,1.0,6.6652
2025-07-14,2Y,2.0,6.7849
2025-07-14,5Y,5.0,6.8249
2025-07-14,10Y,10.0,7.0188
2025-07-14,30Y,30.0,7.1017
2025-07-15,1M,0.08333333333333333,6.5747
2025-07-15,3M,0.25,6.5796
2025-07-15,6M,0.5,6.6871
2025-07-15,1Y,1.0,6.6987
2025-07-15,2Y,2.0,6.7874
2025-07-15,5Y,5.0,6.8152
2025-07-15,10Y,10.0,7.0417
2025-07-15,30Y,30.0,7.1183
2025-07-16,1M,0.08333333333333333,6.5738
2025-07-16,3M,0.25,6.5925
2025-07-16,6M,0.5,6.6745
2025-07-16,1Y,1.0,6.7253
2025-07-16,2Y,2.0,6.7957
2025-07-16,5Y,5.0,6.8196
2025-07-16,10Y,10.0,7.0219
2025-07-16,30Y,30.0,7.0951
2025-07-17,1M,0.08333333333333333,6.5499
2025-07-17,3M,0.25,6.5867
2025-07-17,6M,0.5,6.6613
2025-07-17,1Y,1.0,6.7178
2025-07-17,2Y,2.0,6.8205
2025-07-17,5Y,5.0,6.8686
2025-07-17,10Y,10.0,7.0253
2025-07-17,30Y,30.0,7.1141
2025-07-18,1M,0.08333333333333333,6.5493
2025-07-18,3M,0.25,6.5706
2025-07-18,6M,0.5,6.6552
2025-07-18,1Y,1.0,6.7347
2025-07-18,2Y,2.0,6.8189
2025-07-18,5Y,5.0,6.8812
2025-07-18,10Y,10.0,7.1213
2025-07-18,30Y,30.0,7.1099
2025-07-21,1M,0.08333333333333333,6.5393
2025-07-21,3M,0.25,6.5721
2025-07-21,6M,0.5,6.6622
2025-07-21,1Y,1.0,6.7483
2025-07-21,2Y,2.0,6.8316
2025-07-21,5Y,5.0,6.8902
2025-07-21,10Y,10.0,7.1746
2025-07-21,30Y,30.0,7.1594
2025-07-22,1M,0.08333333333333333,6.54
2025-07-22,3M,0.25,6.5692
2025-07-22,6M,0.5,6.6778
2025-07-22,1Y,1.0,6.7635
2025-07-22,2Y,2.0,6.8495
2025-07-22,5Y,5.0,6.898
2025-07-22,10Y,10.0,7.1541
2025-07-22,30Y,30.0,7.1578
2025-07-23,1M,0.08333333333333333,6.5316
2025-07-23,3M,0.25,6.5673
2025-07-23,6M,0.5,6.6963
2025-07-23,1Y,1.0,6.736
2025-07-23,2Y,2.0,6.8653
2025-07-23,5Y,5.0,6.9102
2025-07-23,10Y,10.0,7.1381
2025-07-23,30Y,30.0,7.0886
2025-07-24,1M,0.08333333333333333,6.5344
2025-07-24,3M,0.25,6.5703
2025-07-24,6M,0.5,6.6925
2025-07-24,1Y,1.0,6.7357
2025-07-24,2Y,2.0,6.8807
2025-07-24,5Y,5.0,6.9283
2025-07-24,10Y,10.0,7.1206
2025-07-24,30Y,30.0,7.0867
2025-07-25,1M,0.08333333333333333,6.5393
2025-07-25,3M,0.25,6.5721
2025-07-25,6M,0.5,6.6975
2025-07-25,1Y,1.0,6.7293
2025-07-25,2Y,2.0,6.909
2025-07-25,5Y,5.0,6.9531
2025-07-25,10Y,10.0,7.1171
2025-07-25,30Y,30.0,7.0924
2025-07-28,1M,0.08333333333333333,6.5544
2025-07-28,3M,0.25,6.5829
2025-07-28,6M,0.5,6.7022
2025-07-28,1Y,1.0,6.7763
2025-07-28,2Y,2.0,6.9027
2025-07-28,5Y,5.0,6.9269
2025-07-28,10Y,10.0,7.11
2025-07-28,30Y,30.0,7.0746
2025-07-29,1M,0.08333333333333333,6.5698
2025-07-29,3M,0.25,6.5926
2025-07-29,6M,0.5,6.7189
2025-07-29,1Y,1.0,6.7754
2025-07-29,2Y,2.0,6.9226
2025-07-29,5Y,5.0,6.9312
2025-07-29,10Y,10.0,7.0892
2025-07-29,30Y,30.0,7.1142
2025-07-30,1M,0.08333333333333333,6.561
2025-07-30,3M,0.25,6.5815
2025-07-30,6M,0.5,6.7458
2025-07-30,1Y,1.0,6.7824
2025-07-30,2Y,2.0,6.8873
2025-07-30,5Y,5.0,6.9316
2025-07-30,10Y,10.0,7.1253
2025-07-30,30Y,30.0,7.0532
2025-07-31,1M,0.08333333333333333,6.5625
2025-07-31,3M,0.25,6.5889
2025-07-31,6M,0.5,6.7486
2025-07-31,1Y,1.0,6.7529
2025-07-31,2Y,2.0,6.8778
2025-07-31,5Y,5.0,6.8949
2025-07-31,10Y,10.0,7.1138
2025-07-31,30Y,30.0,7.0778
2025-08-01,1M,0.08333333333333333,6.5715
2025-08-01,3M,0.25,6.6121
2025-08-01,6M,0.5,6.7306
2025-08-01,1Y,1.0,6.7893
2025-08-01,2Y,2.0,6.8624
2025-08-01,5Y,5.0,6.8884
2025-08-01,10Y,10.0,7.1127
2025-08-01,30Y,30.0,7.0353
2025-08-04,1M,0.08333333333333333,6.5601
2025-08-04,3M,0.25,6.6109
2025-08-04,6M,0.5,6.7191
2025-08-04,1Y,1.0,6.7708
2025-08-04,2Y,2.0,6.8609
2025-08-04,5Y,5.0,6.8899
2025-08-04,10Y,10.0,7.1156
2025-08-04,30Y,30.0,7.0622
2025-08-05,1M,0.08333333333333333,6.5638
2025-08-05,3M,0.25,6.6032
2025-08-05,6M,0.5,6.7427
2025-08-05,1Y,1.0,6.7764
2025-08-05,2Y,2.0,6.8293
2025-08-05,5Y,5.0,6.8649
2025-08-05,10Y,10.0,7.1051
2025-08-05,30Y,30.0,7.1002
2025-08-06,1M,0.08333333333333333,6.5787
2025-08-06,3M,0.25,6.6191
2025-08-06,6M,0.5,6.7456
2025-08-06,1Y,1.0,6.8061
2025-08-06,2Y,2.0,6.8573
2025-08-06,5Y,5.0,6.9087
2025-08-06,10Y,10.0,7.0869
2025-08-06,30Y,30.0,7.0985
2025-08-07,1M,0.08333333333333333,6.5741
2025-08-07,3M,0.25,6.6183
2025-08-07,6M,0.5,6.7609
2025-08-07,1Y,1.0,6.8377
2025-08-07,2Y,2.0,6.8371
2025-08-07,5Y,5.0,6.9391
2025-08-07,10Y,10.0,7.0652
2025-08-07,30Y,30.0,7.0543
2025-08-08,1M,0.08333333333333333,6.5587
2025-08-08,3M,0.25,6.609
2025-08-08,6M,0.5,6.7432
2025-08-08,1Y,1.0,6.8185
2025-08-08,2Y,2.0,6.8145
2025-08-08,5Y,5.0,6.966
2025-08-08,10Y,10.0,7.0962
2025-08-08,30Y,30.0,7.0763
2025-08-11,1M,0.08333333333333333,6.5541
2025-08-11,3M,0.25,6.607
2025-08-11,6M,0.5,6.7449
2025-08-11,1Y,1.0,6.8027
2025-08-11,2Y,2.0,6.7969
2025-08-11,5Y,5.0,6.9936
2025-08-11,10Y,10.0,7.1481
2025-08-11,30Y,30.0,7.1176
2025-08-12,1M,0.08333333333333333,6.5484
2025-08-12,3M,0.25,6.5834
2025-08-12,6M,0.5,6.7462
2025-08-12,1Y,1.0,6.8331
2025-08-12,2Y,2.0,6.8231
2025-08-12,5Y,5.0,7.0093
2025-08-12,10Y,10.0,7.1475
2025-08-12,30Y,30.0,7.0885
2025-08-13,1M,0.08333333333333333,6.5499
2025-08-13,3M,0.25,6.5934
2025-08-13,6M,0.5,6.75
2025-08-13,1Y,1.0,6.8127
2025-08-13,2Y,2.0,6.8478
2025-08-13,5Y,5.0,6.9849
2025-08-13,10Y,10.0,7.2108
2025-08-13,30Y,30.0,7.0925
2025-08-14,1M,0.08333333333333333,6.5513
2025-08-14,3M,0.25,6.6067
2025-08-14,6M,0.5,6.7598
2025-08-14,1Y,1.0,6.8055
2025-08-14,2Y,2.0,6.8504
2025-08-14,5Y,5.0,6.9537
2025-08-14,10Y,10.0,7.2456
2025-08-14,30Y,30.0,7.1188
2025-08-15,1M,0.08333333333333333,6.5519
2025-08-15,3M,0.25,6.6152
2025-08-15,6M,0.5,6.7463
2025-08-15,1Y,1.0,6.7577
2025-08-15,2Y,2.0,6.8664
2025-08-15,5Y,5.0,6.9703
2025-08-15,10Y,10.0,7.1989
2025-08-15,30Y,30.0,7.0609
2025-08-18,1M,0.08333333333333333,6.5578
2025-08-18,3M,0.25,6.6047
2025-08-18,6M,0.5,6.7495
2025-08-18,1Y,1.0,6.7647
2025-08-18,2Y,2.0,6.8836
2025-08-18,5Y,5.0,6.9673
2025-08-18,10Y,10.0,7.2235
2025-08-18,30Y,30.0,7.0133
2025-08-19,1M,0.08333333333333333,6.5607
2025-08-19,3M,0.25,6.5997
2025-08-19,6M,0.5,6.7407
2025-08-19,1Y,1.0,6.7157
2025-08-19,2Y,2.0,6.9054
2025-08-19,5Y,5.0,6.964
2025-08-19,10Y,10.0,7.2167
2025-08-19,30Y,30.0,6.9694
2025-08-20,1M,0.08333333333333333,6.5889
2025-08-20,3M,0.25,6.6142
2025-08-20,6M,0.5,6.7358
2025-08-20,1Y,1.0,6.7303
2025-08-20,2Y,2.0,6.9009
2025-08-20,5Y,5.0,6.9551
2025-08-20,10Y,10.0,7.1726
2025-08-20,30Y,30.0,6.9083
2025-08-21,1M,0.08333333333333333,6.5979
2025-08-21,3M,0.25,6.6203
2025-08-21,6M,0.5,6.7271
2025-08-21,1Y,1.0,6.6762
2025-08-21,2Y,2.0,6.8846
2025-08-21,5Y,5.0,6.9332
2025-08-21,10Y,10.0,7.1813
2025-08-21,30Y,30.0,6.8599
2025-08-22,1M,0.08333333333333333,6.5981
2025-08-22,3M,0.25,6.5916
2025-08-22,6M,0.5,6.7283
2025-08-22,1Y,1.0,6.7009
2025-08-22,2Y,2.0,6.8683
2025-08-22,5Y,5.0,6.8875
2025-08-22,10Y,10.0,7.1707
2025-08-22,30Y,30.0,6.8989
2025-08-25,1M,0.08333333333333333,6.5932
2025-08-25,3M,0.25,6.594
2025-08-25,6M,0.5,6.7214
2025-08-25,1Y,1.0,6.6782
2025-08-25,2Y,2.0,6.8592
2025-08-25,5Y,5.0,6.8845
2025-08-25,10Y,10.0,7.1778
2025-08-25,30Y,30.0,6.8644
2025-08-26,1M,0.08333333333333333,6.5972
2025-08-26,3M,0.25,6.6033
2025-08-26,6M,0.5,6.744
2025-08-26,1Y,1.0,6.688
2025-08-26,2Y,2.0,6.8385
2025-08-26,5Y,5.0,6.8943
2025-08-26,10Y,10.0,7.211
2025-08-26,30Y,30.0,6.8648
2025-08-27,1M,0.08333333333333333,6.6111
2025-08-27,3M,0.25,6.6015
2025-08-27,6M,0.5,6.7649
2025-08-27,1Y,1.0,6.7119
2025-08-27,2Y,2.0,6.8589
2025-08-27,5Y,5.0,6.8707
2025-08-27,10Y,10.0,7.2033
2025-08-27,30Y,30.0,6.8649
2025-08-28,1M,0.08333333333333333,6.62
2025-08-28,3M,0.25,6.5986
2025-08-28,6M,0.5,6.7575
2025-08-28,1Y,1.0,6.7208
2025-08-28,2Y,2.0,6.8591
2025-08-28,5Y,5.0,6.8623
2025-08-28,10Y,10.0,7.2516
2025-08-28,30Y,30.0,6.8342
2025-08-29,1M,0.08333333333333333,6.6121
2025-08-29,3M,0.25,6.6006
2025-08-29,6M,0.5,6.7301
2025-08-29,1Y,1.0,6.7318
2025-08-29,2Y,2.0,6.8739
2025-08-29,5Y,5.0,6.8785
2025-08-29,10Y,10.0,7.2602
2025-08-29,30Y,30.0,6.847
2025-09-01,1M,0.08333333333333333,6.6249
2025-09-01,3M,0.25,6.6157
2025-09-01,6M,0.5,6.7338
2025-09-01,1Y,1.0,6.7182
2025-09-01,2Y,2.0,6.8692
2025-09-01,5Y,5.0,6.8537
2025-09-01,10Y,10.0,7.2186
2025-09-01,30Y,30.0,6.7833
2025-09-02,1M,0.08333333333333333,6.6368
2025-09-02,3M,0.25,6.6146
2025-09-02,6M,0.5,6.7199
2025-09-02,1Y,1.0,6.7347
2025-09-02,2Y,2.0,6.8526
2025-09-02,5Y,5.0,6.8606
2025-09-02,10Y,10.0,7.2358
2025-09-02,30Y,30.0,6.8057
2025-09-03,1M,0.08333333333333333,6.6268
2025-09-03,3M,0.25,6.6137
2025-09-03,6M,0.5,6.7283
2025-09-03,1Y,1.0,6.7075
2025-09-03,2Y,2.0,6.798
2025-09-03,5Y,5.0,6.8629
2025-09-03,10Y,10.0,7.1584
2025-09-03,30Y,30.0,6.8098
2025-09-04,1M,0.08333333333333333,6.634
2025-09-04,3M,0.25,6.597
2025-09-04,6M,0.5,6.7497
2025-09-04,1Y,1.0,6.7151
2025-09-04,2Y,2.0,6.7664
2025-09-04,5Y,5.0,6.7761
2025-09-04,10Y,10.0,7.1553
2025-09-04,30Y,30.0,6.7844
2025-09-05,1M,0.08333333333333333,6.6312
2025-09-05,3M,0.25,6.5927
2025-09-05,6M,0.5,6.7537
2025-09-05,1Y,1.0,6.7271
2025-09-05,2Y,2.0,6.7676
2025-09-05,5Y,5.0,6.7719
2025-09-05,10Y,10.0,7.1944
2025-09-05,30Y,30.0,6.8516
2025-09-08,1M,0.08333333333333333,6.626
2025-09-08,3M,0.25,6.5947
2025-09-08,6M,0.5,6.753
2025-09-08,1Y,1.0,6.7148
2025-09-08,2Y,2.0,6.7597
2025-09-08,5Y,5.0,6.7938
2025-09-08,10Y,10.0,7.1769
2025-09-08,30Y,30.0,6.8921
2025-09-09,1M,0.08333333333333333,6.6122
2025-09-09,3M,0.25,6.593
2025-09-09,6M,0.5,6.7563
2025-09-09,1Y,1.0,6.7079
2025-09-09,2Y,2.0,6.7852
2025-09-09,5Y,5.0,6.7852
2025-09-09,10Y,10.0,7.1927
2025-09-09,30Y,30.0,6.8876
2025-09-10,1M,0.08333333333333333,6.6001
2025-09-10,3M,0.25,6.5836
2025-09-10,6M,0.5,6.7813
2025-09-10,1Y,1.0,6.7218
2025-09-10,2Y,2.0,6.7757
2025-09-10,5Y,5.0,6.8229
2025-09-10,10Y,10.0,7.1687
2025-09-10,30Y,30.0,6.8752
2025-09-11,1M,0.08333333333333333,6.5855
2025-09-11,3M,0.25,6.571
2025-09-11,6M,0.5,6.7781
2025-09-11,1Y,1.0,6.7015
2025-09-11,2Y,2.0,6.7524
2025-09-11,5Y,5.0,6.7925
2025-09-11,10Y,10.0,7.2037
2025-09-11,30Y,30.0,6.8379
2025-09-12,1M,0.08333333333333333,6.5707
2025-09-12,3M,0.25,6.5693
2025-09-12,6M,0.5,6.7977
2025-09-12,1Y,1.0,6.695
2025-09-12,2Y,2.0,6.7385
2025-09-12,5Y,5.0,6.7919
2025-09-12,10Y,10.0,7.1962
2025-09-12,30Y,30.0,6.8792
2025-09-15,1M,0.08333333333333333,6.5565
2025-09-15,3M,0.25,6.5679
2025-09-15,6M,0.5,6.7924
2025-09-15,1Y,1.0,6.7171
2025-09-15,2Y,2.0,6.7721
2025-09-15,5Y,5.0,6.7847
2025-09-15,10Y,10.0,7.1983
2025-09-15,30Y,30.0,6.8993
2025-09-16,1M,0.08333333333333333,6.56
2025-09-16,3M,0.25,6.5649
2025-09-16,6M,0.5,6.8236
2025-09-16,1Y,1.0,6.7183
2025-09-16,2Y,2.0,6.7407
2025-09-16,5Y,5.0,6.796
2025-09-16,10Y,10.0,7.1629
2025-09-16,30Y,30.0,6.8768
2025-09-17,1M,0.08333333333333333,6.5549
2025-09-17,3M,0.25,6.5659
2025-09-17,6M,0.5,6.8088
2025-09-17,1Y,1.0,6.7369
2025-09-17,2Y,2.0,6.7572
2025-09-17,5Y,5.0,6.7641
2025-09-17,10Y,10.0,7.1988
2025-09-17,30Y,30.0,6.9194
2025-09-18,1M,0.08333333333333333,6.5421
2025-09-18,3M,0.25,6.5754
2025-09-18,6M,0.5,6.79
2025-09-18,1Y,1.0,6.7487
2025-09-18,2Y,2.0,6.7801
2025-09-18,5Y,5.0,6.7947
2025-09-18,10Y,10.0,7.2452
2025-09-18,30Y,30.0,6.9081
2025-09-19,1M,0.08333333333333333,6.5387
2025-09-19,3M,0.25,6.5694
2025-09-19,6M,0.5,6.826
2025-09-19,1Y,1.0,6.7687
2025-09-19,2Y,2.0,6.781
2025-09-19,5Y,5.0,6.7854
2025-09-19,10Y,10.0,7.2357
2025-09-19,30Y,30.0,6.8915
2025-09-22,1M,0.08333333333333333,6.5388
2025-09-22,3M,0.25,6.5603
2025-09-22,6M,0.5,6.8239
2025-09-22,1Y,1.0,6.7831
2025-09-22,2Y,2.0,6.8089
2025-09-22,5Y,5.0,6.7779
2025-09-22,10Y,10.0,7.242
2025-09-22,30Y,30.0,6.8439
2025-09-23,1M,0.08333333333333333,6.5311
2025-09-23,3M,0.25,6.5654
2025-09-23,6M,0.5,6.8152
2025-09-23,1Y,1.0,6.7805
2025-09-23,2Y,2.0,6.8363
2025-09-23,5Y,5.0,6.7422
2025-09-23,10Y,10.0,7.2557
2025-09-23,30Y,30.0,6.8318
2025-09-24,1M,0.08333333333333333,6.5215
2025-09-24,3M,0.25,6.5383
2025-09-24,6M,0.5,6.835
2025-09-24,1Y,1.0,6.7876
2025-09-24,2Y,2.0,6.8499
2025-09-24,5Y,5.0,6.7382
2025-09-24,10Y,10.0,7.2054
2025-09-24,30Y,30.0,6.8961
2025-09-25,1M,0.08333333333333333,6.5321
2025-09-25,3M,0.25,6.5418
2025-09-25,6M,0.5,6.8339
2025-09-25,1Y,1.0,6.7986
2025-09-25,2Y,2.0,6.8476
2025-09-25,5Y,5.0,6.7484
2025-09-25,10Y,10.0,7.2331
2025-09-25,30Y,30.0,6.9211
2025-09-26,1M,0.08333333333333333,6.5483
2025-09-26,3M,0.25,6.5633
2025-09-26,6M,0.5,6.8379
2025-09-26,1Y,1.0,6.8014
2025-09-26,2Y,2.0,6.8184
2025-09-26,5Y,5.0,6.8077
2025-09-26,10Y,10.0,7.3408
2025-09-26,30Y,30.0,6.8615
2025-09-29,1M,0.08333333333333333,6.5497
2025-09-29,3M,0.25,6.5601
2025-09-29,6M,0.5,6.8074
2025-09-29,1Y,1.0,6.7849
2025-09-29,2Y,2.0,6.8351
2025-09-29,5Y,5.0,6.7869
2025-09-29,10Y,10.0,7.3301
2025-09-29,30Y,30.0,6.9024
2025-09-30,1M,0.08333333333333333,6.5458
2025-09-30,3M,0.25,6.5617
2025-09-30,6M,0.5,6.7946
2025-09-30,1Y,1.0,6.7833
2025-09-30,2Y,2.0,6.8347
2025-09-30,5Y,5.0,6.7607
2025-09-30,10Y,10.0,7.3626
2025-09-30,30Y,30.0,6.9197
2025-10-01,1M,0.08333333333333333,6.5466
2025-10-01,3M,0.25,6.5838
2025-10-01,6M,0.5,6.8033
2025-10-01,1Y,1.0,6.8504
2025-10-01,2Y,2.0,6.8373
2025-10-01,5Y,5.0,6.7439
2025-10-01,10Y,10.0,7.3682
2025-10-01,30Y,30.0,6.8698
2025-10-02,1M,0.08333333333333333,6.5438
2025-10-02,3M,0.25,6.5789
2025-10-02,6M,0.5,6.7614
2025-10-02,1Y,1.0,6.8398
2025-10-02,2Y,2.0,6.818
2025-10-02,5Y,5.0,6.7291
2025-10-02,10Y,10.0,7.3662
2025-10-02,30Y,30.0,6.9474
2025-10-03,1M,0.08333333333333333,6.5518
2025-10-03,3M,0.25,6.5847
2025-10-03,6M,0.5,6.7383
2025-10-03,1Y,1.0,6.8519
2025-10-03,2Y,2.0,6.8044
2025-10-03,5Y,5.0,6.7478
2025-10-03,10Y,10.0,7.3409
2025-10-03,30Y,30.0,7.003
2025-10-06,1M,0.08333333333333333,6.554
2025-10-06,3M,0.25,6.5923
2025-10-06,6M,0.5,6.7382
2025-10-06,1Y,1.0,6.8546
2025-10-06,2Y,2.0,6.7996
2025-10-06,5Y,5.0,6.7642
2025-10-06,10Y,10.0,7.3447
2025-10-06,30Y,30.0,7.0107
2025-10-07,1M,0.08333333333333333,6.5484
2025-10-07,3M,0.25,6.5918
2025-10-07,6M,0.5,6.7214
2025-10-07,1Y,1.0,6.8836
2025-10-07,2Y,2.0,6.7769
2025-10-07,5Y,5.0,6.7593
2025-10-07,10Y,10.0,7.2869
2025-10-07,30Y,30.0,7.0065
2025-10-08,1M,0.08333333333333333,6.5613
2025-10-08,3M,0.25,6.5886
2025-10-08,6M,0.5,6.7318
2025-10-08,1Y,1.0,6.8755
2025-10-08,2Y,2.0,6.7933
2025-10-08,5Y,5.0,6.8106
2025-10-08,10Y,10.0,7.2811
2025-10-08,30Y,30.0,7.0465
2025-10-09,1M,0.08333333333333333,6.562
2025-10-09,3M,0.25,6.6116
2025-10-09,6M,0.5,6.7416
2025-10-09,1Y,1.0,6.8672
2025-10-09,2Y,2.0,6.7824
2025-10-09,5Y,5.0,6.814
2025-10-09,10Y,10.0,7.2272
2025-10-09,30Y,30.0,7.061
2025-10-10,1M,0.08333333333333333,6.56
2025-10-10,3M,0.25,6.609
2025-10-10,6M,0.5,6.7521
2025-10-10,1Y,1.0,6.8798
2025-10-10,2Y,2.0,6.76
2025-10-10,5Y,5.0,6.8522
2025-10-10,10Y,10.0,7.1849
2025-10-10,30Y,30.0,7.0105
2025-10-13,1M,0.08333333333333333,6.5607
2025-10-13,3M,0.25,6.6085
2025-10-13,6M,0.5,6.771
2025-10-13,1Y,1.0,6.8819
2025-10-13,2Y,2.0,6.738
2025-10-13,5Y,5.0,6.86
2025-10-13,10Y,10.0,7.1912
2025-10-13,30Y,30.0,7.0546
2025-10-14,1M,0.08333333333333333,6.5509
2025-10-14,3M,0.25,6.6304
2025-10-14,6M,0.5,6.7467
2025-10-14,1Y,1.0,6.8757
2025-10-14,2Y,2.0,6.7447
2025-10-14,5Y,5.0,6.868
2025-10-14,10Y,10.0,7.2091
2025-10-14,30Y,30.0,6.9949
2025-10-15,1M,0.08333333333333333,6.5599
2025-10-15,3M,0.25,6.6313
2025-10-15,6M,0.5,6.7415
2025-10-15,1Y,1.0,6.8827
2025-10-15,2Y,2.0,6.7115
2025-10-15,5Y,5.0,6.8832
2025-10-15,10Y,10.0,7.2267
2025-10-15,30Y,30.0,6.9631
2025-10-16,1M,0.08333333333333333,6.565
2025-10-16,3M,0.25,6.6504
2025-10-16,6M,0.5,6.7487
2025-10-16,1Y,1.0,6.9072
2025-10-16,2Y,2.0,6.7085
2025-10-16,5Y,5.0,6.9134
2025-10-16,10Y,10.0,7.197
2025-10-16,30Y,30.0,7.0516
2025-10-17,1M,0.08333333333333333,6.5708
2025-10-17,3M,0.25,6.6587
2025-10-17,6M,0.5,6.7631
2025-10-17,1Y,1.0,6.9468
2025-10-17,2Y,2.0,6.6949
2025-10-17,5Y,5.0,6.8889
2025-10-17,10Y,10.0,7.2119
2025-10-17,30Y,30.0,7.0707
2025-10-20,1M,0.08333333333333333,6.5528
2025-10-20,3M,0.25,6.6367
2025-10-20,6M,0.5,6.7435
2025-10-20,1Y,1.0,6.9471
2025-10-20,2Y,2.0,6.7092
2025-10-20,5Y,5.0,6.8988
2025-10-20,10Y,10.0,7.1924
2025-10-20,30Y,30.0,7.0299
2025-10-21,1M,0.08333333333333333,6.5529
2025-10-21,3M,0.25,6.6406
2025-10-21,6M,0.5,6.7401
2025-10-21,1Y,1.0,6.9112
2025-10-21,2Y,2.0,6.7385
2025-10-21,5Y,5.0,6.9027
2025-10-21,10Y,10.0,7.1547
2025-10-21,30Y,30.0,7.0137
2025-10-22,1M,0.08333333333333333,6.5312
2025-10-22,3M,0.25,6.6411
2025-10-22,6M,0.5,6.7589
2025-10-22,1Y,1.0,6.9363
2025-10-22,2Y,2.0,6.7838
2025-10-22,5Y,5.0,6.9076
2025-10-22,10Y,10.0,7.1267
2025-10-22,30Y,30.0,6.9359
2025-10-23,1M,0.08333333333333333,6.5286
2025-10-23,3M,0.25,6.631
2025-10-23,6M,0.5,6.7268
2025-10-23,1Y,1.0,6.9447
2025-10-23,2Y,2.0,6.7708
2025-10-23,5Y,5.0,6.9508
2025-10-23,10Y,10.0,7.1436
2025-10-23,30Y,30.0,6.9297
2025-10-24,1M,0.08333333333333333,6.5224
2025-10-24,3M,0.25,6.6261
2025-10-24,6M,0.5,6.7207
2025-10-24,1Y,1.0,6.9227
2025-10-24,2Y,2.0,6.8006
2025-10-24,5Y,5.0,6.9648
2025-10-24,10Y,10.0,7.1788
2025-10-24,30Y,30.0,6.9583
2025-10-27,1M,0.08333333333333333,6.5206
2025-10-27,3M,0.25,6.6312
2025-10-27,6M,0.5,6.7195
2025-10-27,1Y,1.0,6.945
2025-10-27,2Y,2.0,6.7974
2025-10-27,5Y,5.0,6.9887
2025-10-27,10Y,10.0,7.2303
2025-10-27,30Y,30.0,6.9598
2025-10-28,1M,0.08333333333333333,6.5249
2025-10-28,3M,0.25,6.641
2025-10-28,6M,0.5,6.704
2025-10-28,1Y,1.0,6.919
2025-10-28,2Y,2.0,6.7536
2025-10-28,5Y,5.0,6.9937
2025-10-28,10Y,10.0,7.1958
2025-10-28,30Y,30.0,6.9661
2025-10-29,1M,0.08333333333333333,6.5268
2025-10-29,3M,0.25,6.6431
2025-10-29,6M,0.5,6.7252
2025-10-29,1Y,1.0,6.905
2025-10-29,2Y,2.0,6.7395
2025-10-29,5Y,5.0,7.0644
2025-10-29,10Y,10.0,7.1928
2025-10-29,30Y,30.0,6.9443
2025-10-30,1M,0.08333333333333333,6.5374
2025-10-30,3M,0.25,6.6268
2025-10-30,6M,0.5,6.7321
2025-10-30,1Y,1.0,6.8997
2025-10-30,2Y,2.0,6.7005
2025-10-30,5Y,5.0,7.118
2025-10-30,10Y,10.0,7.1691
2025-10-30,30Y,30.0,6.8632
2025-10-31,1M,0.08333333333333333,6.5254
2025-10-31,3M,0.25,6.6297
2025-10-31,6M,0.5,6.7327
2025-10-31,1Y,1.0,6.876
2025-10-31,2Y,2.0,6.7011
2025-10-31,5Y,5.0,7.1199
2025-10-31,10Y,10.0,7.0857
2025-10-31,30Y,30.0,6.866
2025-11-03,1M,0.08333333333333333,6.5299
2025-11-03,3M,0.25,6.6219
2025-11-03,6M,0.5,6.7191
2025-11-03,1Y,1.0,6.8728
2025-11-03,2Y,2.0,6.6868
2025-11-03,5Y,5.0,7.0858
2025-11-03,10Y,10.0,7.1146
2025-11-03,30Y,30.0,6.8444
2025-11-04,1M,0.08333333333333333,6.5244
2025-11-04,3M,0.25,6.6169
2025-11-04,6M,0.5,6.7179
2025-11-04,1Y,1.0,6.8823
2025-11-04,2Y,2.0,6.6747
2025-11-04,5Y,5.0,7.084
2025-11-04,10Y,10.0,7.0805
2025-11-04,30Y,30.0,6.8388
2025-11-05,1M,0.08333333333333333,6.5061
2025-11-05,3M,0.25,6.6108
2025-11-05,6M,0.5,6.709
2025-11-05,1Y,1.0,6.8693
2025-11-05,2Y,2.0,6.702
2025-11-05,5Y,5.0,7.0875
2025-11-05,10Y,10.0,7.062
2025-11-05,30Y,30.0,6.8546
2025-11-06,1M,0.08333333333333333,6.5236
2025-11-06,3M,0.25,6.6173
2025-11-06,6M,0.5,6.7224
2025-11-06,1Y,1.0,6.876
2025-11-06,2Y,2.0,6.7149
2025-11-06,5Y,5.0,7.0899
2025-11-06,10Y,10.0,7.0709
2025-11-06,30Y,30.0,6.802
2025-11-07,1M,0.08333333333333333,6.5336
2025-11-07,3M,0.25,6.6134
2025-11-07,6M,0.5,6.7267
2025-11-07,1Y,1.0,6.8428
2025-11-07,2Y,2.0,6.7207
2025-11-07,5Y,5.0,7.0809
2025-11-07,10Y,10.0,7.086
2025-11-07,30Y,30.0,6.7961
2025-11-10,1M,0.08333333333333333,6.5334
2025-11-10,3M,0.25,6.5876
2025-11-10,6M,0.5,6.709
2025-11-10,1Y,1.0,6.8361
2025-11-10,2Y,2.0,6.7177
2025-11-10,5Y,5.0,7.0735
2025-11-10,10Y,10.0,7.0012
2025-11-10,30Y,30.0,6.7374
2025-11-11,1M,0.08333333333333333,6.5324
2025-11-11,3M,0.25,6.5884
2025-11-11,6M,0.5,6.7332
2025-11-11,1Y,1.0,6.7976
2025-11-11,2Y,2.0,6.7503
2025-11-11,5Y,5.0,7.1105
2025-11-11,10Y,10.0,7.075
2025-11-11,30Y,30.0,6.7863
2025-11-12,1M,0.08333333333333333,6.5422
2025-11-12,3M,0.25,6.5746
2025-11-12,6M,0.5,6.7319
2025-11-12,1Y,1.0,6.7721
2025-11-12,2Y,2.0,6.7804
2025-11-12,5Y,5.0,7.0569
2025-11-12,10Y,10.0,7.1222
2025-11-12,30Y,30.0,6.7855
2025-11-13,1M,0.08333333333333333,6.5573
2025-11-13,3M,0.25,6.5636
2025-11-13,6M,0.5,6.7581
2025-11-13,1Y,1.0,6.7585
2025-11-13,2Y,2.0,6.7761
2025-11-13,5Y,5.0,7.048
2025-11-13,10Y,10.0,7.1059
2025-11-13,30Y,30.0,6.873
2025-11-14,1M,0.08333333333333333,6.5526
2025-11-14,3M,0.25,6.57
2025-11-14,6M,0.5,6.7554
2025-11-14,1Y,1.0,6.7761
2025-11-14,2Y,2.0,6.7966
2025-11-14,5Y,5.0,7.1148
2025-11-14,10Y,10.0,7.1551
2025-11-14,30Y,30.0,6.8249
2025-11-17,1M,0.08333333333333333,6.5464
2025-11-17,3M,0.25,6.554
2025-11-17,6M,0.5,6.7521
2025-11-17,1Y,1.0,6.8035
2025-11-17,2Y,2.0,6.7968
2025-11-17,5Y,5.0,7.1252
2025-11-17,10Y,10.0,7.1514
2025-11-17,30Y,30.0,6.8282
2025-11-18,1M,0.08333333333333333,6.5432
2025-11-18,3M,0.25,6.5695
2025-11-18,6M,0.5,6.7358
2025-11-18,1Y,1.0,6.8012
2025-11-18,2Y,2.0,6.7803
2025-11-18,5Y,5.0,7.1098
2025-11-18,10Y,10.0,7.1293
2025-11-18,30Y,30.0,6.8556
2025-11-19,1M,0.08333333333333333,6.5531
2025-11-19,3M,0.25,6.5478
2025-11-19,6M,0.5,6.7199
2025-11-19,1Y,1.0,6.8141
2025-11-19,2Y,2.0,6.7727
2025-11-19,5Y,5.0,7.0466
2025-11-19,10Y,10.0,7.1379
2025-11-19,30Y,30.0,6.7996
2025-11-20,1M,0.08333333333333333,6.553
2025-11-20,3M,0.25,6.5625
2025-11-20,6M,0.5,6.7257
2025-11-20,1Y,1.0,6.8322
2025-11-20,2Y,2.0,6.7756
2025-11-20,5Y,5.0,7.0871
2025-11-20,10Y,10.0,7.1366
2025-11-20,30Y,30.0,6.8644
2025-11-21,1M,0.08333333333333333,6.5416
2025-11-21,3M,0.25,6.5402
2025-11-21,6M,0.5,6.7513
2025-11-21,1Y,1.0,6.8571
2025-11-21,2Y,2.0,6.764
2025-11-21,5Y,5.0,7.0413
2025-11-21,10Y,10.0,7.1516
2025-11-21,30Y,30.0,6.915
2025-11-24,1M,0.08333333333333333,6.5531
2025-11-24,3M,0.25,6.5495
2025-11-24,6M,0.5,6.7765
2025-11-24,1Y,1.0,6.8638
2025-11-24,2Y,2.0,6.7736
2025-11-24,5Y,5.0,7.0218
2025-11-24,10Y,10.0,7.188
2025-11-24,30Y,30.0,6.921
2025-11-25,1M,0.08333333333333333,6.5518
2025-11-25,3M,0.25,6.5395
2025-11-25,6M,0.5,6.7464
2025-11-25,1Y,1.0,6.8448
2025-11-25,2Y,2.0,6.7565
2025-11-25,5Y,5.0,6.9636
2025-11-25,10Y,10.0,7.2322
2025-11-25,30Y,30.0,6.9742
2025-11-26,1M,0.08333333333333333,6.5436
2025-11-26,3M,0.25,6.5471
2025-11-26,6M,0.5,6.7459
2025-11-26,1Y,1.0,6.8462
2025-11-26,2Y,2.0,6.758
2025-11-26,5Y,5.0,6.9967
2025-11-26,10Y,10.0,7.2225
2025-11-26,30Y,30.0,6.9741
2025-11-27,1M,0.08333333333333333,6.5506
2025-11-27,3M,0.25,6.5596
2025-11-27,6M,0.5,6.7496
2025-11-27,1Y,1.0,6.8077
2025-11-27,2Y,2.0,6.7681
2025-11-27,5Y,5.0,7.0662
2025-11-27,10Y,10.0,7.1869
2025-11-27,30Y,30.0,6.9046
2025-11-28,1M,0.08333333333333333,6.5438
2025-11-28,3M,0.25,6.5478
2025-11-28,6M,0.5,6.7634
2025-11-28,1Y,1.0,6.8111
2025-11-28,2Y,2.0,6.7604
2025-11-28,5Y,5.0,7.0694
2025-11-28,10Y,10.0,7.1326
2025-11-28,30Y,30.0,6.9161
2025-12-01,1M,0.08333333333333333,6.5549
2025-12-01,3M,0.25,6.538
2025-12-01,6M,0.5,6.7512
2025-12-01,1Y,1.0,6.8085
2025-12-01,2Y,2.0,6.7904
2025-12-01,5Y,5.0,7.0695
2025-12-01,10Y,10.0,7.1636
2025-12-01,30Y,30.0,6.9408
2025-12-02,1M,0.08333333333333333,6.5501
2025-12-02,3M,0.25,6.5421
2025-12-02,6M,0.5,6.7258
2025-12-02,1Y,1.0,6.8161
2025-12-02,2Y,2.0,6.7898
2025-12-02,5Y,5.0,7.0681
2025-12-02,10Y,10.0,7.1641
2025-12-02,30Y,30.0,6.9352
2025-12-03,1M,0.08333333333333333,6.5411
2025-12-03,3M,0.25,6.5493
2025-12-03,6M,0.5,6.7206
2025-12-03,1Y,1.0,6.8186
2025-12-03,2Y,2.0,6.7463
2025-12-03,5Y,5.0,7.0311
2025-12-03,10Y,10.0,7.24
2025-12-03,30Y,30.0,6.9544
2025-12-04,1M,0.08333333333333333,6.5364
2025-12-04,3M,0.25,6.5275
2025-12-04,6M,0.5,6.7086
2025-12-04,1Y,1.0,6.8264
2025-12-04,2Y,2.0,6.7458
2025-12-04,5Y,5.0,7.0879
2025-12-04,10Y,10.0,7.2221
2025-12-04,30Y,30.0,6.9883
2025-12-05,1M,0.08333333333333333,6.5416
2025-12-05,3M,0.25,6.5389
2025-12-05,6M,0.5,6.7262
2025-12-05,1Y,1.0,6.8445
2025-12-05,2Y,2.0,6.7841
2025-12-05,5Y,5.0,7.0913
2025-12-05,10Y,10.0,7.2555
2025-12-05,30Y,30.0,6.9866
2025-12-08,1M,0.08333333333333333,6.5465
2025-12-08,3M,0.25,6.5267
2025-12-08,6M,0.5,6.7058
2025-12-08,1Y,1.0,6.8724
2025-12-08,2Y,2.0,6.8302
2025-12-08,5Y,5.0,7.078
2025-12-08,10Y,10.0,7.2357
2025-12-08,30Y,30.0,6.8829
2025-12-09,1M,0.08333333333333333,6.5391
2025-12-09,3M,0.25,6.5371
2025-12-09,6M,0.5,6.6799
2025-12-09,1Y,1.0,6.8861
2025-12-09,2Y,2.0,6.8544
2025-12-09,5Y,5.0,7.1151
2025-12-09,10Y,10.0,7.2826
2025-12-09,30Y,30.0,6.8858
2025-12-10,1M,0.08333333333333333,6.5451
2025-12-10,3M,0.25,6.5418
2025-12-10,6M,0.5,6.6964
2025-12-10,1Y,1.0,6.9095
2025-12-10,2Y,2.0,6.8434
2025-12-10,5Y,5.0,7.0702
2025-12-10,10Y,10.0,7.2551
2025-12-10,30Y,30.0,6.9079
2025-12-11,1M,0.08333333333333333,6.5459
2025-12-11,3M,0.25,6.5495
2025-12-11,6M,0.5,6.696
2025-12-11,1Y,1.0,6.9501
2025-12-11,2Y,2.0,6.8316
2025-12-11,5Y,5.0,7.0489
2025-12-11,10Y,10.0,7.2318
2025-12-11,30Y,30.0,6.9272
2025-12-12,1M,0.08333333333333333,6.5418
2025-12-12,3M,0.25,6.532
2025-12-12,6M,0.5,6.7009
2025-12-12,1Y,1.0,6.9204
2025-12-12,2Y,2.0,6.8373
2025-12-12,5Y,5.0,7.0319
2025-12-12,10Y,10.0,7.2199
2025-12-12,30Y,30.0,6.9341
2025-12-15,1M,0.08333333333333333,6.5502
2025-12-15,3M,0.25,6.5156
2025-12-15,6M,0.5,6.7034
2025-12-15,1Y,1.0,6.9047
2025-12-15,2Y,2.0,6.8839
2025-12-15,5Y,5.0,7.0307
2025-12-15,10Y,10.0,7.2281
2025-12-15,30Y,30.0,6.8666
2025-12-16,1M,0.08333333333333333,6.5507
2025-12-16,3M,0.25,6.5194
2025-12-16,6M,0.5,6.7171
2025-12-16,1Y,1.0,6.8903
2025-12-16,2Y,2.0,6.9082
2025-12-16,5Y,5.0,7.0064
2025-12-16,10Y,10.0,7.2473
2025-12-16,30Y,30.0,6.9149
2025-12-17,1M,0.08333333333333333,6.5461
2025-12-17,3M,0.25,6.5038
2025-12-17,6M,0.5,6.7251
2025-12-17,1Y,1.0,6.8986
2025-12-17,2Y,2.0,6.9156
2025-12-17,5Y,5.0,7.0075
2025-12-17,10Y,10.0,7.2734
2025-12-17,30Y,30.0,6.9303
2025-12-18,1M,0.08333333333333333,6.5559
2025-12-18,3M,0.25,6.5152
2025-12-18,6M,0.5,6.7193
2025-12-18,1Y,1.0,6.8929
2025-12-18,2Y,2.0,6.974
2025-12-18,5Y,5.0,7.0293
2025-12-18,10Y,10.0,7.2374
2025-12-18,30Y,30.0,6.9479
2025-12-19,1M,0.08333333333333333,6.5544
2025-12-19,3M,0.25,6.5162
2025-12-19,6M,0.5,6.6958
2025-12-19,1Y,1.0,6.8598
2025-12-19,2Y,2.0,6.9535
2025-12-19,5Y,5.0,7.0857
2025-12-19,10Y,10.0,7.2305
2025-12-19,30Y,30.0,7.0069
2025-12-22,1M,0.08333333333333333,6.5509
2025-12-22,3M,0.25,6.5237
2025-12-22,6M,0.5,6.6851
2025-12-22,1Y,1.0,6.8489
2025-12-22,2Y,2.0,6.9773
2025-12-22,5Y,5.0,7.0568
2025-12-22,10Y,10.0,7.2404
2025-12-22,30Y,30.0,7.0396
2025-12-23,1M,0.08333333333333333,6.5522
2025-12-23,3M,0.25,6.5149
2025-12-23,6M,0.5,6.69
2025-12-23,1Y,1.0,6.8261
2025-12-23,2Y,2.0,7.0098
2025-12-23,5Y,5.0,7.0818
2025-12-23,10Y,10.0,7.2667
2025-12-23,30Y,30.0,7.0403
2025-12-24,1M,0.08333333333333333,6.5558
2025-12-24,3M,0.25,6.5032
2025-12-24,6M,0.5,6.6741
2025-12-24,1Y,1.0,6.8183
2025-12-24,2Y,2.0,7.0184
2025-12-24,5Y,5.0,7.0895
2025-12-24,10Y,10.0,7.2695
2025-12-24,30Y,30.0,6.9866
2025-12-25,1M,0.08333333333333333,6.5696
2025-12-25,3M,0.25,6.4997
2025-12-25,6M,0.5,6.6803
2025-12-25,1Y,1.0,6.8374
2025-12-25,2Y,2.0,7.0259
2025-12-25,5Y,5.0,7.0713
2025-12-25,10Y,10.0,7.2709
2025-12-25,30Y,30.0,6.9295
2025-12-26,1M,0.08333333333333333,6.5858
2025-12-26,3M,0.25,6.512
2025-12-26,6M,0.5,6.6861
2025-12-26,1Y,1.0,6.839
2025-12-26,2Y,2.0,6.9745
2025-12-26,5Y,5.0,7.0747
2025-12-26,10Y,10.0,7.3243
2025-12-26,30Y,30.0,6.9558
2025-12-29,1M,0.08333333333333333,6.5851
2025-12-29,3M,0.25,6.5132
2025-12-29,6M,0.5,6.681
2025-12-29,1Y,1.0,6.851
2025-12-29,2Y,2.0,7.0324
2025-12-29,5Y,5.0,7.0299
2025-12-29,10Y,10.0,7.3176
2025-12-29,30Y,30.0,6.9623
2025-12-30,1M,0.08333333333333333,6.5768
2025-12-30,3M,0.25,6.5343
2025-12-30,6M,0.5,6.677
2025-12-30,1Y,1.0,6.8509
2025-12-30,2Y,2.0,6.9969
2025-12-30,5Y,5.0,7.0058
2025-12-30,10Y,10.0,7.3043
2025-12-30,30Y,30.0,6.9766
2025-12-31,1M,0.08333333333333333,6.5843
2025-12-31,3M,0.25,6.5458
2025-12-31,6M,0.5,6.6552
2025-12-31,1Y,1.0,6.8389
2025-12-31,2Y,2.0,7.0022
2025-12-31,5Y,5.0,7.0149
2025-12-31,10Y,10.0,7.3072
2025-12-31,30Y,30.0,7.0155
2026-01-01,1M,0.08333333333333333,6.5939
2026-01-01,3M,0.25,6.5492
2026-01-01,6M,0.5,6.6467
2026-01-01,1Y,1.0,6.8418
2026-01-01,2Y,2.0,7.0171
2026-01-01,5Y,5.0,7.0289
2026-01-01,10Y,10.0,7.2303
2026-01-01,30Y,30.0,7.0295
2026-01-02,1M,0.08333333333333333,6.5836
2026-01-02,3M,0.25,6.5519
2026-01-02,6M,0.5,6.6667
2026-01-02,1Y,1.0,6.832
2026-01-02,2Y,2.0,6.9907
2026-01-02,5Y,5.0,7.0873
2026-01-02,10Y,10.0,7.2414
2026-01-02,30Y,30.0,7.0069
2026-01-05,1M,0.08333333333333333,6.5914
2026-01-05,3M,0.25,6.5422
2026-01-05,6M,0.5,6.6476
2026-01-05,1Y,1.0,6.8106
2026-01-05,2Y,2.0,6.9552
2026-01-05,5Y,5.0,7.1179
2026-01-05,10Y,10.0,7.2745
2026-01-05,30Y,30.0,7.0183
2026-01-06,1M,0.08333333333333333,6.5917
2026-01-06,3M,0.25,6.5423
2026-01-06,6M,0.5,6.6513
2026-01-06,1Y,1.0,6.8302
2026-01-06,2Y,2.0,6.9252
2026-01-06,5Y,5.0,7.0781
2026-01-06,10Y,10.0,7.2859
2026-01-06,30Y,30.0,6.9861
2026-01-07,1M,0.08333333333333333,6.5809
2026-01-07,3M,0.25,6.5556
2026-01-07,6M,0.5,6.6584
2026-01-07,1Y,1.0,6.8156
2026-01-07,2Y,2.0,6.9392
2026-01-07,5Y,5.0,7.0505
2026-01-07,10Y,10.0,7.3456
2026-01-07,30Y,30.0,7.0242
2026-01-08,1M,0.08333333333333333,6.5693
2026-01-08,3M,0.25,6.5631
2026-01-08,6M,0.5,6.6728
2026-01-08,1Y,1.0,6.8281
2026-01-08,2Y,2.0,6.9612
2026-01-08,5Y,5.0,7.0612
2026-01-08,10Y,10.0,7.3141
2026-01-08,30Y,30.0,7.0022
2026-01-09,1M,0.08333333333333333,6.5681
2026-01-09,3M,0.25,6.5653
2026-01-09,6M,0.5,6.6716
2026-01-09,1Y,1.0,6.8347
2026-01-09,2Y,2.0,6.9614
2026-01-09,5Y,5.0,7.0561
2026-01-09,10Y,10.0,7.2931
2026-01-09,30Y,30.0,6.9835
2026-01-12,1M,0.08333333333333333,6.5871
2026-01-12,3M,0.25,6.5778
2026-01-12,6M,0.5,6.6802
2026-01-12,1Y,1.0,6.8332
2026-01-12,2Y,2.0,7.0099
2026-01-12,5Y,5.0,7.072
2026-01-12,10Y,10.0,7.2572
2026-01-12,30Y,30.0,6.9873
2026-01-13,1M,0.08333333333333333,6.6041
2026-01-13,3M,0.25,6.5965
2026-01-13,6M,0.5,6.6906
2026-01-13,1Y,1.0,6.8542
2026-01-13,2Y,2.0,7.0297
2026-01-13,5Y,5.0,7.1318
2026-01-13,10Y,10.0,7.3008
2026-01-13,30Y,30.0,7.003
2026-01-14,1M,0.08333333333333333,6.5929
2026-01-14,3M,0.25,6.6068
2026-01-14,6M,0.5,6.6584
2026-01-14,1Y,1.0,6.8569
2026-01-14,2Y,2.0,7.0364
2026-01-14,5Y,5.0,7.1644
2026-01-14,10Y,10.0,7.3044
2026-01-14,30Y,30.0,7.0683
2026-01-15,1M,0.08333333333333333,6.5956
2026-01-15,3M,0.25,6.6026
2026-01-15,6M,0.5,6.6827
2026-01-15,1Y,1.0,6.8644
2026-01-15,2Y,2.0,7.0652
2026-01-15,5Y,5.0,7.0887
2026-01-15,10Y,10.0,7.3175
2026-01-15,30Y,30.0,7.0831
2026-01-16,1M,0.08333333333333333,6.6181
2026-01-16,3M,0.25,6.6123
2026-01-16,6M,0.5,6.7002
2026-01-16,1Y,1.0,6.8821
2026-01-16,2Y,2.0,7.0461
2026-01-16,5Y,5.0,6.9945
2026-01-16,10Y,10.0,7.2922
2026-01-16,30Y,30.0,7.1038
2026-01-19,1M,0.08333333333333333,6.6135
2026-01-19,3M,0.25,6.6198
2026-01-19,6M,0.5,6.6872
2026-01-19,1Y,1.0,6.8927
2026-01-19,2Y,2.0,6.9867
2026-01-19,5Y,5.0,7.0291
2026-01-19,10Y,10.0,7.2834
2026-01-19,30Y,30.0,7.0751
2026-01-20,1M,0.08333333333333333,6.6212
2026-01-20,3M,0.25,6.6181
2026-01-20,6M,0.5,6.675
2026-01-20,1Y,1.0,6.8637
2026-01-20,2Y,2.0,7.0022
2026-01-20,5Y,5.0,7.0151
2026-01-20,10Y,10.0,7.3083
2026-01-20,30Y,30.0,7.0599
2026-01-21,1M,0.08333333333333333,6.6244
2026-01-21,3M,0.25,6.645
2026-01-21,6M,0.5,6.6862
2026-01-21,1Y,1.0,6.8421
2026-01-21,2Y,2.0,6.9986
2026-01-21,5Y,5.0,7.0364
2026-01-21,10Y,10.0,7.251
2026-01-21,30Y,30.0,7.0977
2026-01-22,1M,0.08333333333333333,6.6271
2026-01-22,3M,0.25,6.6181
2026-01-22,6M,0.5,6.7027
2026-01-22,1Y,1.0,6.8369
2026-01-22,2Y,2.0,6.9839
2026-01-22,5Y,5.0,7.0441
2026-01-22,10Y,10.0,7.1814
2026-01-22,30Y,30.0,7.0387
2026-01-23,1M,0.08333333333333333,6.6275
2026-01-23,3M,0.25,6.6177
2026-01-23,6M,0.5,6.682
2026-01-23,1Y,1.0,6.812
2026-01-23,2Y,2.0,6.9236
2026-01-23,5Y,5.0,7.0585
2026-01-23,10Y,10.0,7.1564
2026-01-23,30Y,30.0,7.0983
2026-01-26,1M,0.08333333333333333,6.632
2026-01-26,3M,0.25,6.5968
2026-01-26,6M,0.5,6.7004
2026-01-26,1Y,1.0,6.8113
2026-01-26,2Y,2.0,6.9528
2026-01-26,5Y,5.0,7.0252
2026-01-26,10Y,10.0,7.1974
2026-01-26,30Y,30.0,7.0573
2026-01-27,1M,0.08333333333333333,6.6169
2026-01-27,3M,0.25,6.5961
2026-01-27,6M,0.5,6.6891
2026-01-27,1Y,1.0,6.8051
2026-01-27,2Y,2.0,7.0229
2026-01-27,5Y,5.0,7.1043
2026-01-27,10Y,10.0,7.1153
2026-01-27,30Y,30.0,7.0952
2026-01-28,1M,0.08333333333333333,6.6086
2026-01-28,3M,0.25,6.5855
2026-01-28,6M,0.5,6.6774
2026-01-28,1Y,1.0,6.8441
2026-01-28,2Y,2.0,7.0383
2026-01-28,5Y,5.0,7.0413
2026-01-28,10Y,10.0,7.1111
2026-01-28,30Y,30.0,7.1112
2026-01-29,1M,0.08333333333333333,6.6082
2026-01-29,3M,0.25,6.5584
2026-01-29,6M,0.5,6.71
2026-01-29,1Y,1.0,6.8167
2026-01-29,2Y,2.0,7.0535
2026-01-29,5Y,5.0,7.0493
2026-01-29,10Y,10.0,7.1041
2026-01-29,30Y,30.0,7.0888
2026-01-30,1M,0.08333333333333333,6.6089
2026-01-30,3M,0.25,6.5583
2026-01-30,6M,0.5,6.7194
2026-01-30,1Y,1.0,6.8156
2026-01-30,2Y,2.0,7.0102
2026-01-30,5Y,5.0,7.0807
2026-01-30,10Y,10.0,7.1098
2026-01-30,30Y,30.0,7.1008
2026-02-02,1M,0.08333333333333333,6.6146
2026-02-02,3M,0.25,6.554
2026-02-02,6M,0.5,6.7012
2026-02-02,1Y,1.0,6.807
2026-02-02,2Y,2.0,7.0654
2026-02-02,5Y,5.0,7.1016
2026-02-02,10Y,10.0,7.076
2026-02-02,30Y,30.0,7.1376
2026-02-03,1M,0.08333333333333333,6.6132
2026-02-03,3M,0.25,6.5579
2026-02-03,6M,0.5,6.7304
2026-02-03,1Y,1.0,6.7711
2026-02-03,2Y,2.0,7.081
2026-02-03,5Y,5.0,7.0479
2026-02-03,10Y,10.0,7.1103
2026-02-03,30Y,30.0,7.1102
2026-02-04,1M,0.08333333333333333,6.6012
2026-02-04,3M,0.25,6.5499
2026-02-04,6M,0.5,6.7274
2026-02-04,1Y,1.0,6.7559
2026-02-04,2Y,2.0,7.0535
2026-02-04,5Y,5.0,7.0624
2026-02-04,10Y,10.0,7.1153
2026-02-04,30Y,30.0,7.0723
2026-02-05,1M,0.08333333333333333,6.5835
2026-02-05,3M,0.25,6.5402
2026-02-05,6M,0.5,6.7147
2026-02-05,1Y,1.0,6.7487
2026-02-05,2Y,2.0,7.0545
2026-02-05,5Y,5.0,7.0483
2026-02-05,10Y,10.0,7.1611
2026-02-05,30Y,30.0,7.007
2026-02-06,1M,0.08333333333333333,6.6008
2026-02-06,3M,0.25,6.5357
2026-02-06,6M,0.5,6.6908
2026-02-06,1Y,1.0,6.7574
2026-02-06,2Y,2.0,7.0178
2026-02-06,5Y,5.0,7.0259
2026-02-06,10Y,10.0,7.2714
2026-02-06,30Y,30.0,6.9725
2026-02-09,1M,0.08333333333333333,6.5968
2026-02-09,3M,0.25,6.5327
2026-02-09,6M,0.5,6.6917
2026-02-09,1Y,1.0,6.7408
2026-02-09,2Y,2.0,7.0799
2026-02-09,5Y,5.0,6.9885
2026-02-09,10Y,10.0,7.2089
2026-02-09,30Y,30.0,6.9747
2026-02-10,1M,0.08333333333333333,6.6041
2026-02-10,3M,0.25,6.5195
2026-02-10,6M,0.5,6.6728
2026-02-10,1Y,1.0,6.7313
2026-02-10,2Y,2.0,7.0521
2026-02-10,5Y,5.0,6.9847
2026-02-10,10Y,10.0,7.146
2026-02-10,30Y,30.0,6.9452
2026-02-11,1M,0.08333333333333333,6.6068
2026-02-11,3M,0.25,6.5151
2026-02-11,6M,0.5,6.6837
2026-02-11,1Y,1.0,6.7078
2026-02-11,2Y,2.0,7.0349
2026-02-11,5Y,5.0,6.9488
2026-02-11,10Y,10.0,7.0594
2026-02-11,30Y,30.0,7.0027
2026-02-12,1M,0.08333333333333333,6.6008
2026-02-12,3M,0.25,6.5325
2026-02-12,6M,0.5,6.685
2026-02-12,1Y,1.0,6.7161
2026-02-12,2Y,2.0,7.0408
2026-02-12,5Y,5.0,6.9444
2026-02-12,10Y,10.0,7.043
2026-02-12,30Y,30.0,6.9761
2026-02-13,1M,0.08333333333333333,6.5846
2026-02-13,3M,0.25,6.5363
2026-02-13,6M,0.5,6.6611
2026-02-13,1Y,1.0,6.7179
2026-02-13,2Y,2.0,7.0545
2026-02-13,5Y,5.0,6.9345
2026-02-13,10Y,10.0,7.0719
2026-02-13,30Y,30.0,7.0124
2026-02-16,1M,0.08333333333333333,6.5886
2026-02-16,3M,0.25,6.5366
2026-02-16,6M,0.5,6.6457
2026-02-16,1Y,1.0,6.7455
2026-02-16,2Y,2.0,7.0506
2026-02-16,5Y,5.0,6.98
2026-02-16,10Y,10.0,7.1368
2026-02-16,30Y,30.0,7.0076
2026-02-17,1M,0.08333333333333333,6.5855
2026-02-17,3M,0.25,6.5383
2026-02-17,6M,0.5,6.6773
2026-02-17,1Y,1.0,6.7353
2026-02-17,2Y,2.0,7.098
2026-02-17,5Y,5.0,6.9771
2026-02-17,10Y,10.0,7.1156
2026-02-17,30Y,30.0,7.0212
2026-02-18,1M,0.08333333333333333,6.5713
2026-02-18,3M,0.25,6.5414
2026-02-18,6M,0.5,6.7001
2026-02-18,1Y,1.0,6.7152
2026-02-18,2Y,2.0,7.0594
2026-02-18,5Y,5.0,6.9239
2026-02-18,10Y,10.0,7.1519
2026-02-18,30Y,30.0,7.0413
2026-02-19,1M,0.08333333333333333,6.5663
2026-02-19,3M,0.25,6.5347
2026-02-19,6M,0.5,6.711
2026-02-19,1Y,1.0,6.7187
2026-02-19,2Y,2.0,7.0215
2026-02-19,5Y,5.0,6.9355
2026-02-19,10Y,10.0,7.1351
2026-02-19,30Y,30.0,7.0876
2026-02-20,1M,0.08333333333333333,6.5754
2026-02-20,3M,0.25,6.5515
2026-02-20,6M,0.5,6.6867
2026-02-20,1Y,1.0,6.7374
2026-02-20,2Y,2.0,6.9959
2026-02-20,5Y,5.0,6.995
2026-02-20,10Y,10.0,7.1556
2026-02-20,30Y,30.0,7.1037
2026-02-23,1M,0.08333333333333333,6.5867
2026-02-23,3M,0.25,6.5636
2026-02-23,6M,0.5,6.6899
2026-02-23,1Y,1.0,6.7423
2026-02-23,2Y,2.0,6.9858
2026-02-23,5Y,5.0,7.0226
2026-02-23,10Y,10.0,7.1035
2026-02-23,30Y,30.0,7.1055
2026-02-24,1M,0.08333333333333333,6.5885
2026-02-24,3M,0.25,6.5554
2026-02-24,6M,0.5,6.6868
2026-02-24,1Y,1.0,6.712
2026-02-24,2Y,2.0,6.9753
2026-02-24,5Y,5.0,6.9852
2026-02-24,10Y,10.0,7.1284
2026-02-24,30Y,30.0,7.0613
2026-02-25,1M,0.08333333333333333,6.5921
2026-02-25,3M,0.25,6.5467
2026-02-25,6M,0.5,6.6889
2026-02-25,1Y,1.0,6.7274
2026-02-25,2Y,2.0,6.9433
2026-02-25,5Y,5.0,6.9518
2026-02-25,10Y,10.0,7.1333
2026-02-25,30Y,30.0,7.0821
2026-02-26,1M,0.08333333333333333,6.5951
2026-02-26,3M,0.25,6.5228
2026-02-26,6M,0.5,6.6981
2026-02-26,1Y,1.0,6.7073
2026-02-26,2Y,2.0,6.9474
2026-02-26,5Y,5.0,6.9475
2026-02-26,10Y,10.0,7.0929
2026-02-26,30Y,30.0,7.0772
2026-02-27,1M,0.08333333333333333,6.583
2026-02-27,3M,0.25,6.5292
2026-02-27,6M,0.5,6.7294
2026-02-27,1Y,1.0,6.7007
2026-02-27,2Y,2.0,6.946
2026-02-27,5Y,5.0,6.9113
2026-02-27,10Y,10.0,7.1884
2026-02-27,30Y,30.0,7.018
2026-03-02,1M,0.08333333333333333,6.5709
2026-03-02,3M,0.25,6.5289
2026-03-02,6M,0.5,6.7299
2026-03-02,1Y,1.0,6.6996
2026-03-02,2Y,2.0,6.8907
2026-03-02,5Y,5.0,6.913
2026-03-02,10Y,10.0,7.1481
2026-03-02,30Y,30.0,7.0141
2026-03-03,1M,0.08333333333333333,6.566
2026-03-03,3M,0.25,6.5289
2026-03-03,6M,0.5,6.7507
2026-03-03,1Y,1.0,6.7053
2026-03-03,2Y,2.0,6.886
2026-03-03,5Y,5.0,6.951
2026-03-03,10Y,10.0,7.1392
2026-03-03,30Y,30.0,7.0469
2026-03-04,1M,0.08333333333333333,6.574
2026-03-04,3M,0.25,6.5349
2026-03-04,6M,0.5,6.7616
2026-03-04,1Y,1.0,6.7024
2026-03-04,2Y,2.0,6.928
2026-03-04,5Y,5.0,6.9803
2026-03-04,10Y,10.0,7.1312
2026-03-04,30Y,30.0,7.0706
2026-03-05,1M,0.08333333333333333,6.5761
2026-03-05,3M,0.25,6.524
2026-03-05,6M,0.5,6.7726
2026-03-05,1Y,1.0,6.7419
2026-03-05,2Y,2.0,6.9284
2026-03-05,5Y,5.0,6.9978
2026-03-05,10Y,10.0,7.1162
2026-03-05,30Y,30.0,7.0034
2026-03-06,1M,0.08333333333333333,6.5704
2026-03-06,3M,0.25,6.5187
2026-03-06,6M,0.5,6.7511
2026-03-06,1Y,1.0,6.7162
2026-03-06,2Y,2.0,6.9631
2026-03-06,5Y,5.0,7.0126
2026-03-06,10Y,10.0,7.0922
2026-03-06,30Y,30.0,6.9964
2026-03-09,1M,0.08333333333333333,6.5712
2026-03-09,3M,0.25,6.538
2026-03-09,6M,0.5,6.769
2026-03-09,1Y,1.0,6.7218
2026-03-09,2Y,2.0,6.9567
2026-03-09,5Y,5.0,7.0707
2026-03-09,10Y,10.0,7.0784
2026-03-09,30Y,30.0,7.0609
2026-03-10,1M,0.08333333333333333,6.5696
2026-03-10,3M,0.25,6.5545
2026-03-10,6M,0.5,6.7855
2026-03-10,1Y,1.0,6.7603
2026-03-10,2Y,2.0,6.965
2026-03-10,5Y,5.0,7.0675
2026-03-10,10Y,10.0,7.0514
2026-03-10,30Y,30.0,7.0771
2026-03-11,1M,0.08333333333333333,6.5513
2026-03-11,3M,0.25,6.5388
2026-03-11,6M,0.5,6.7735
2026-03-11,1Y,1.0,6.7323
2026-03-11,2Y,2.0,6.9759
2026-03-11,5Y,5.0,7.0633
2026-03-11,10Y,10.0,7.0246
2026-03-11,30Y,30.0,7.0996
2026-03-12,1M,0.08333333333333333,6.5554
2026-03-12,3M,0.25,6.5389
2026-03-12,6M,0.5,6.7842
2026-03-12,1Y,1.0,6.7395
2026-03-12,2Y,2.0,6.9618
2026-03-12,5Y,5.0,7.111
2026-03-12,10Y,10.0,7.0025
2026-03-12,30Y,30.0,7.1107
2026-03-13,1M,0.08333333333333333,6.5459
2026-03-13,3M,0.25,6.5623
2026-03-13,6M,0.5,6.7834
2026-03-13,1Y,1.0,6.7285
2026-03-13,2Y,2.0,6.9972
2026-03-13,5Y,5.0,7.1178
2026-03-13,10Y,10.0,6.9738
2026-03-13,30Y,30.0,7.1122
2026-03-16,1M,0.08333333333333333,6.5452
2026-03-16,3M,0.25,6.566
2026-03-16,6M,0.5,6.7688
2026-03-16,1Y,1.0,6.7509
2026-03-16,2Y,2.0,6.9638
2026-03-16,5Y,5.0,7.1179
2026-03-16,10Y,10.0,7.0018
2026-03-16,30Y,30.0,7.1019
2026-03-17,1M,0.08333333333333333,6.5548
2026-03-17,3M,0.25,6.5553
2026-03-17,6M,0.5,6.7608
2026-03-17,1Y,1.0,6.7605
2026-03-17,2Y,2.0,7.0444
2026-03-17,5Y,5.0,7.1104
2026-03-17,10Y,10.0,7.0942
2026-03-17,30Y,30.0,7.0758
2026-03-18,1M,0.08333333333333333,6.5482
2026-03-18,3M,0.25,6.5461
2026-03-18,6M,0.5,6.7697
2026-03-18,1Y,1.0,6.7657
2026-03-18,2Y,2.0,7.0307
2026-03-18,5Y,5.0,7.0845
2026-03-18,10Y,10.0,7.057
2026-03-18,30Y,30.0,6.9905
2026-03-19,1M,0.08333333333333333,6.5494
2026-03-19,3M,0.25,6.5186
2026-03-19,6M,0.5,6.7822
2026-03-19,1Y,1.0,6.7451
2026-03-19,2Y,2.0,7.0124
2026-03-19,5Y,5.0,7.0733
2026-03-19,10Y,10.0,7.0387
2026-03-19,30Y,30.0,7.0745
2026-03-20,1M,0.08333333333333333,6.5567
2026-03-20,3M,0.25,6.4988
2026-03-20,6M,0.5,6.7871
2026-03-20,1Y,1.0,6.7528
2026-03-20,2Y,2.0,6.9862
2026-03-20,5Y,5.0,7.1265
2026-03-20,10Y,10.0,7.0753
2026-03-20,30Y,30.0,7.1035
2026-03-23,1M,0.08333333333333333,6.5531
2026-03-23,3M,0.25,6.5151
2026-03-23,6M,0.5,6.7862
2026-03-23,1Y,1.0,6.7644
2026-03-23,2Y,2.0,6.9706
2026-03-23,5Y,5.0,7.1616
2026-03-23,10Y,10.0,7.0763
2026-03-23,30Y,30.0,7.0436
2026-03-24,1M,0.08333333333333333,6.5608
2026-03-24,3M,0.25,6.4946
2026-03-24,6M,0.5,6.7698
2026-03-24,1Y,1.0,6.7814
2026-03-24,2Y,2.0,6.9781
2026-03-24,5Y,5.0,7.2097
2026-03-24,10Y,10.0,7.0947
2026-03-24,30Y,30.0,7.059
2026-03-25,1M,0.08333333333333333,6.5802
2026-03-25,3M,0.25,6.4924
2026-03-25,6M,0.5,6.7911
2026-03-25,1Y,1.0,6.7852
2026-03-25,2Y,2.0,6.9466
2026-03-25,5Y,5.0,7.2051
2026-03-25,10Y,10.0,7.0836
2026-03-25,30Y,30.0,7.0527
2026-03-26,1M,0.08333333333333333,6.5839
2026-03-26,3M,0.25,6.4904
2026-03-26,6M,0.5,6.7922
2026-03-26,1Y,1.0,6.8004
2026-03-26,2Y,2.0,6.9757
2026-03-26,5Y,5.0,7.1594
2026-03-26,10Y,10.0,7.0672
2026-03-26,30Y,30.0,7.0694
2026-03-27,1M,0.08333333333333333,6.5706
2026-03-27,3M,0.25,6.5168
2026-03-27,6M,0.5,6.7963
2026-03-27,1Y,1.0,6.8375
2026-03-27,2Y,2.0,6.9724
2026-03-27,5Y,5.0,7.1364
2026-03-27,10Y,10.0,7.0777
2026-03-27,30Y,30.0,7.026
2026-03-30,1M,0.08333333333333333,6.5739
2026-03-30,3M,0.25,6.5373
2026-03-30,6M,0.5,6.8249
2026-03-30,1Y,1.0,6.8099
2026-03-30,2Y,2.0,6.9671
2026-03-30,5Y,5.0,7.0932
2026-03-30,10Y,10.0,7.0556
2026-03-30,30Y,30.0,7.0322
2026-03-31,1M,0.08333333333333333,6.5611
2026-03-31,3M,0.25,6.5569
2026-03-31,6M,0.5,6.8463
2026-03-31,1Y,1.0,6.7995
2026-03-31,2Y,2.0,6.9202
2026-03-31,5Y,5.0,7.1257
2026-03-31,10Y,10.0,7.0806
2026-03-31,30Y,30.0,6.9901
2026-04-01,1M,0.08333333333333333,6.5487
2026-04-01,3M,0.25,6.5553
2026-04-01,6M,0.5,6.8752
2026-04-01,1Y,1.0,6.8332
2026-04-01,2Y,2.0,6.8754
2026-04-01,5Y,5.0,7.0793
2026-04-01,10Y,10.0,7.0909
2026-04-01,30Y,30.0,6.9994
2026-04-02,1M,0.08333333333333333,6.5405
2026-04-02,3M,0.25,6.5239
2026-04-02,6M,0.5,6.8928
2026-04-02,1Y,1.0,6.8229
2026-04-02,2Y,2.0,6.8607
2026-04-02,5Y,5.0,7.0521
2026-04-02,10Y,10.0,7.1604
2026-04-02,30Y,30.0,6.996
2026-04-03,1M,0.08333333333333333,6.5467
2026-04-03,3M,0.25,6.5008
2026-04-03,6M,0.5,6.8617
2026-04-03,1Y,1.0,6.8025
2026-04-03,2Y,2.0,6.8369
2026-04-03,5Y,5.0,7.0842
2026-04-03,10Y,10.0,7.1627
2026-04-03,30Y,30.0,6.99
2026-04-06,1M,0.08333333333333333,6.5415
2026-04-06,3M,0.25,6.4899
2026-04-06,6M,0.5,6.8689
2026-04-06,1Y,1.0,6.7526
2026-04-06,2Y,2.0,6.7872
2026-04-06,5Y,5.0,7.0155
2026-04-06,10Y,10.0,7.1984
2026-04-06,30Y,30.0,6.9854
2026-04-07,1M,0.08333333333333333,6.5466
2026-04-07,3M,0.25,6.5001
2026-04-07,6M,0.5,6.8702
2026-04-07,1Y,1.0,6.7408
2026-04-07,2Y,2.0,6.8086
2026-04-07,5Y,5.0,6.9907
2026-04-07,10Y,10.0,7.2259
2026-04-07,30Y,30.0,6.9738
2026-04-08,1M,0.08333333333333333,6.5599
2026-04-08,3M,0.25,6.5008
2026-04-08,6M,0.5,6.8761
2026-04-08,1Y,1.0,6.7566
2026-04-08,2Y,2.0,6.7735
2026-04-08,5Y,5.0,6.9752
2026-04-08,10Y,10.0,7.1926
2026-04-08,30Y,30.0,7.0154
2026-04-09,1M,0.08333333333333333,6.5443
2026-04-09,3M,0.25,6.4987
2026-04-09,6M,0.5,6.8721
2026-04-09,1Y,1.0,6.7713
2026-04-09,2Y,2.0,6.7766
2026-04-09,5Y,5.0,6.9565
2026-04-09,10Y,10.0,7.2038
2026-04-09,30Y,30.0,6.9875
2026-04-10,1M,0.08333333333333333,6.5305
2026-04-10,3M,0.25,6.4867
2026-04-10,6M,0.5,6.8426
2026-04-10,1Y,1.0,6.7538
2026-04-10,2Y,2.0,6.7504
2026-04-10,5Y,5.0,6.9296
2026-04-10,10Y,10.0,7.2321
2026-04-10,30Y,30.0,6.9574
2026-04-13,1M,0.08333333333333333,6.5364
2026-04-13,3M,0.25,6.4856
2026-04-13,6M,0.5,6.824
2026-04-13,1Y,1.0,6.7152
2026-04-13,2Y,2.0,6.7677
2026-04-13,5Y,5.0,6.8906
2026-04-13,10Y,10.0,7.2478
2026-04-13,30Y,30.0,6.9659
2026-04-14,1M,0.08333333333333333,6.5496
2026-04-14,3M,0.25,6.4843
2026-04-14,6M,0.5,6.8275
2026-04-14,1Y,1.0,6.7257
2026-04-14,2Y,2.0,6.7996
2026-04-14,5Y,5.0,6.898
2026-04-14,10Y,10.0,7.2412
2026-04-14,30Y,30.0,6.9901
2026-04-15,1M,0.08333333333333333,6.545
2026-04-15,3M,0.25,6.4726
2026-04-15,6M,0.5,6.804
2026-04-15,1Y,1.0,6.7218
2026-04-15,2Y,2.0,6.7338
2026-04-15,5Y,5.0,6.9053
2026-04-15,10Y,10.0,7.2637
2026-04-15,30Y,30.0,7.0041
2026-04-16,1M,0.08333333333333333,6.5644
2026-04-16,3M,0.25,6.4743
2026-04-16,6M,0.5,6.7927
2026-04-16,1Y,1.0,6.7108
2026-04-16,2Y,2.0,6.7568
2026-04-16,5Y,5.0,6.9004
2026-04-16,10Y,10.0,7.2082
2026-04-16,30Y,30.0,7.038
2026-04-17,1M,0.08333333333333333,6.5734
2026-04-17,3M,0.25,6.4685
2026-04-17,6M,0.5,6.7985
2026-04-17,1Y,1.0,6.7086
2026-04-17,2Y,2.0,6.7822
2026-04-17,5Y,5.0,6.8759
2026-04-17,10Y,10.0,7.2364
2026-04-17,30Y,30.0,7.0599
2026-04-20,1M,0.08333333333333333,6.5726
2026-04-20,3M,0.25,6.4587
2026-04-20,6M,0.5,6.8027
2026-04-20,1Y,1.0,6.7048
2026-04-20,2Y,2.0,6.7776
2026-04-20,5Y,5.0,6.9134
2026-04-20,10Y,10.0,7.2651
2026-04-20,30Y,30.0,7.1395
2026-04-21,1M,0.08333333333333333,6.5624
2026-04-21,3M,0.25,6.4615
2026-04-21,6M,0.5,6.8156
2026-04-21,1Y,1.0,6.7212
2026-04-21,2Y,2.0,6.7967
2026-04-21,5Y,5.0,6.9271
2026-04-21,10Y,10.0,7.2755
2026-04-21,30Y,30.0,7.215
2026-04-22,1M,0.08333333333333333,6.565
2026-04-22,3M,0.25,6.471
2026-04-22,6M,0.5,6.8201
2026-04-22,1Y,1.0,6.6904
2026-04-22,2Y,2.0,6.8059
2026-04-22,5Y,5.0,6.9217
2026-04-22,10Y,10.0,7.2293
2026-04-22,30Y,30.0,7.1852
2026-04-23,1M,0.08333333333333333,6.5681
2026-04-23,3M,0.25,6.4587
2026-04-23,6M,0.5,6.8159
2026-04-23,1Y,1.0,6.7105
2026-04-23,2Y,2.0,6.7643
2026-04-23,5Y,5.0,6.9228
2026-04-23,10Y,10.0,7.2012
2026-04-23,30Y,30.0,7.18
2026-04-24,1M,0.08333333333333333,6.564
2026-04-24,3M,0.25,6.487
2026-04-24,6M,0.5,6.8096
2026-04-24,1Y,1.0,6.7396
2026-04-24,2Y,2.0,6.7409
2026-04-24,5Y,5.0,6.9133
2026-04-24,10Y,10.0,7.1811
2026-04-24,30Y,30.0,7.2304
2026-04-27,1M,0.08333333333333333,6.5688
2026-04-27,3M,0.25,6.4733
2026-04-27,6M,0.5,6.8016
2026-04-27,1Y,1.0,6.74
2026-04-27,2Y,2.0,6.7636
2026-04-27,5Y,5.0,6.9324
2026-04-27,10Y,10.0,7.2018
2026-04-27,30Y,30.0,7.233
2026-04-28,1M,0.08333333333333333,6.555
2026-04-28,3M,0.25,6.4804
2026-04-28,6M,0.5,6.8061
2026-04-28,1Y,1.0,6.7675
2026-04-28,2Y,2.0,6.7722
2026-04-28,5Y,5.0,6.9454
2026-04-28,10Y,10.0,7.2035
2026-04-28,30Y,30.0,7.165
2026-04-29,1M,0.08333333333333333,6.5592
2026-04-29,3M,0.25,6.4904
2026-04-29,6M,0.5,6.8256
2026-04-29,1Y,1.0,6.7704
2026-04-29,2Y,2.0,6.7967
2026-04-29,5Y,5.0,6.9675
2026-04-29,10Y,10.0,7.2221
2026-04-29,30Y,30.0,7.1529
2026-04-30,1M,0.08333333333333333,6.5561
2026-04-30,3M,0.25,6.5083
2026-04-30,6M,0.5,6.8245
2026-04-30,1Y,1.0,6.7549
2026-04-30,2Y,2.0,6.7841
2026-04-30,5Y,5.0,7.0524
2026-04-30,10Y,10.0,7.263
2026-04-30,30Y,30.0,7.2575
2026-05-01,1M,0.08333333333333333,6.5415
2026-05-01,3M,0.25,6.5236
2026-05-01,6M,0.5,6.793
2026-05-01,1Y,1.0,6.7815
2026-05-01,2Y,2.0,6.7741
2026-05-01,5Y,5.0,7.0679
2026-05-01,10Y,10.0,7.2865
2026-05-01,30Y,30.0,7.2729
2026-05-04,1M,0.08333333333333333,6.5419
2026-05-04,3M,0.25,6.5363
2026-05-04,6M,0.5,6.7958
2026-05-04,1Y,1.0,6.7636
2026-05-04,2Y,2.0,6.8459
2026-05-04,5Y,5.0,7.0417
2026-05-04,10Y,10.0,7.2922
2026-05-04,30Y,30.0,7.2808
2026-05-05,1M,0.08333333333333333,6.542
2026-05-05,3M,0.25,6.5457
2026-05-05,6M,0.5,6.8081
2026-05-05,1Y,1.0,6.7346
2026-05-05,2Y,2.0,6.8797
2026-05-05,5Y,5.0,7.0308
2026-05-05,10Y,10.0,7.2899
2026-05-05,30Y,30.0,7.3138
2026-05-06,1M,0.08333333333333333,6.5552
2026-05-06,3M,0.25,6.537
2026-05-06,6M,0.5,6.7967
2026-05-06,1Y,1.0,6.7529
2026-05-06,2Y,2.0,6.8282
2026-05-06,5Y,5.0,7.0867
2026-05-06,10Y,10.0,7.3007
2026-05-06,30Y,30.0,7.2949
2026-05-07,1M,0.08333333333333333,6.554
2026-05-07,3M,0.25,6.543
2026-05-07,6M,0.5,6.7714
2026-05-07,1Y,1.0,6.7438
2026-05-07,2Y,2.0,6.8237
2026-05-07,5Y,5.0,7.0919
2026-05-07,10Y,10.0,7.312
2026-05-07,30Y,30.0,7.2835
2026-05-08,1M,0.08333333333333333,6.5589
2026-05-08,3M,0.25,6.5192
2026-05-08,6M,0.5,6.7617
2026-05-08,1Y,1.0,6.7087
2026-05-08,2Y,2.0,6.8438
2026-05-08,5Y,5.0,7.0839
2026-05-08,10Y,10.0,7.3646
2026-05-08,30Y,30.0,7.3638
2026-05-11,1M,0.08333333333333333,6.5441
2026-05-11,3M,0.25,6.5163
2026-05-11,6M,0.5,6.7442
2026-05-11,1Y,1.0,6.7303
2026-05-11,2Y,2.0,6.8858
2026-05-11,5Y,5.0,7.0443
2026-05-11,10Y,10.0,7.405
2026-05-11,30Y,30.0,7.3482
2026-05-12,1M,0.08333333333333333,6.5443
2026-05-12,3M,0.25,6.5344
2026-05-12,6M,0.5,6.7037
2026-05-12,1Y,1.0,6.7368
2026-05-12,2Y,2.0,6.9003
2026-05-12,5Y,5.0,7.0182
2026-05-12,10Y,10.0,7.3408
2026-05-12,30Y,30.0,7.3161
2026-05-13,1M,0.08333333333333333,6.5424
2026-05-13,3M,0.25,6.5427
2026-05-13,6M,0.5,6.7194
2026-05-13,1Y,1.0,6.7514
2026-05-13,2Y,2.0,6.893
2026-05-13,5Y,5.0,7.0361
2026-05-13,10Y,10.0,7.3537
2026-05-13,30Y,30.0,7.3012
2026-05-14,1M,0.08333333333333333,6.5514
2026-05-14,3M,0.25,6.5622
2026-05-14,6M,0.5,6.697
2026-05-14,1Y,1.0,6.7405
2026-05-14,2Y,2.0,6.9162
2026-05-14,5Y,5.0,7.0694
2026-05-14,10Y,10.0,7.3847
2026-05-14,30Y,30.0,7.3181
2026-05-15,1M,0.08333333333333333,6.5466
2026-05-15,3M,0.25,6.5606
2026-05-15,6M,0.5,6.6785
2026-05-15,1Y,1.0,6.7673
2026-05-15,2Y,2.0,6.8861
2026-05-15,5Y,5.0,7.0507
2026-05-15,10Y,10.0,7.329
2026-05-15,30Y,30.0,7.3038
2026-05-18,1M,0.08333333333333333,6.5298
2026-05-18,3M,0.25,6.5809
2026-05-18,6M,0.5,6.6883
2026-05-18,1Y,1.0,6.7566
2026-05-18,2Y,2.0,6.9209
2026-05-18,5Y,5.0,7.0591
2026-05-18,10Y,10.0,7.3344
2026-05-18,30Y,30.0,7.359
2026-05-19,1M,0.08333333333333333,6.5411
2026-05-19,3M,0.25,6.5802
2026-05-19,6M,0.5,6.688
2026-05-19,1Y,1.0,6.7487
2026-05-19,2Y,2.0,6.917
2026-05-19,5Y,5.0,7.009
2026-05-19,10Y,10.0,7.3221
2026-05-19,30Y,30.0,7.2753
2026-05-20,1M,0.08333333333333333,6.5316
2026-05-20,3M,0.25,6.5666
2026-05-20,6M,0.5,6.6961
2026-05-20,1Y,1.0,6.764
2026-05-20,2Y,2.0,6.9218
2026-05-20,5Y,5.0,7.0063
2026-05-20,10Y,10.0,7.3409
2026-05-20,30Y,30.0,7.2423
2026-05-21,1M,0.08333333333333333,6.5448
2026-05-21,3M,0.25,6.5716
2026-05-21,6M,0.5,6.6971
2026-05-21,1Y,1.0,6.7723
2026-05-21,2Y,2.0,6.9176
2026-05-21,5Y,5.0,6.9611
2026-05-21,10Y,10.0,7.3435
2026-05-21,30Y,30.0,7.2819
2026-05-22,1M,0.08333333333333333,6.5388
2026-05-22,3M,0.25,6.5742
2026-05-22,6M,0.5,6.708
2026-05-22,1Y,1.0,6.7503
2026-05-22,2Y,2.0,6.9711
2026-05-22,5Y,5.0,6.9592
2026-05-22,10Y,10.0,7.3298
2026-05-22,30Y,30.0,7.2466
2026-05-25,1M,0.08333333333333333,6.5488
2026-05-25,3M,0.25,6.5699
2026-05-25,6M,0.5,6.7268
2026-05-25,1Y,1.0,6.7619
2026-05-25,2Y,2.0,6.9525
2026-05-25,5Y,5.0,7.0067
2026-05-25,10Y,10.0,7.3619
2026-05-25,30Y,30.0,7.2236
2026-05-26,1M,0.08333333333333333,6.5467
2026-05-26,3M,0.25,6.5702
2026-05-26,6M,0.5,6.7382
2026-05-26,1Y,1.0,6.7448
2026-05-26,2Y,2.0,6.9758
2026-05-26,5Y,5.0,7.0426
2026-05-26,10Y,10.0,7.346
2026-05-26,30Y,30.0,7.1909
2026-05-27,1M,0.08333333333333333,6.5378
2026-05-27,3M,0.25,6.5867
2026-05-27,6M,0.5,6.7301
2026-05-27,1Y,1.0,6.756
2026-05-27,2Y,2.0,6.98
2026-05-27,5Y,5.0,7.0144
2026-05-27,10Y,10.0,7.343
2026-05-27,30Y,30.0,7.1563
2026-05-28,1M,0.08333333333333333,6.5422
2026-05-28,3M,0.25,6.5852
2026-05-28,6M,0.5,6.7142
2026-05-28,1Y,1.0,6.729
2026-05-28,2Y,2.0,6.9776
2026-05-28,5Y,5.0,7.0242
2026-05-28,10Y,10.0,7.3398
2026-05-28,30Y,30.0,7.1727
2026-05-29,1M,0.08333333333333333,6.54
2026-05-29,3M,0.25,6.5563
2026-05-29,6M,0.5,6.7173
2026-05-29,1Y,1.0,6.721
2026-05-29,2Y,2.0,6.9896
2026-05-29,5Y,5.0,7.0743
2026-05-29,10Y,10.0,7.3435
2026-05-29,30Y,30.0,7.2247
2026-06-01,1M,0.08333333333333333,6.5322
2026-06-01,3M,0.25,6.5609
2026-06-01,6M,0.5,6.727
2026-06-01,1Y,1.0,6.7193
2026-06-01,2Y,2.0,6.9712
2026-06-01,5Y,5.0,7.0497
2026-06-01,10Y,10.0,7.344
2026-06-01,30Y,30.0,7.1987
2026-06-02,1M,0.08333333333333333,6.5248
2026-06-02,3M,0.25,6.5664
2026-06-02,6M,0.5,6.7137
2026-06-02,1Y,1.0,6.7071
2026-06-02,2Y,2.0,7.002
2026-06-02,5Y,5.0,7.0343
2026-06-02,10Y,10.0,7.3224
2026-06-02,30Y,30.0,7.1945
2026-06-03,1M,0.08333333333333333,6.5378
2026-06-03,3M,0.25,6.5741
2026-06-03,6M,0.5,6.7175
2026-06-03,1Y,1.0,6.6919
2026-06-03,2Y,2.0,6.9938
2026-06-03,5Y,5.0,7.0413
2026-06-03,10Y,10.0,7.3081
2026-06-03,30Y,30.0,7.1344
2026-06-04,1M,0.08333333333333333,6.5322
2026-06-04,3M,0.25,6.5787
2026-06-04,6M,0.5,6.6986
2026-06-04,1Y,1.0,6.7009
2026-06-04,2Y,2.0,7.0039
2026-06-04,5Y,5.0,7.0342
2026-06-04,10Y,10.0,7.2656
2026-06-04,30Y,30.0,7.1016
2026-06-05,1M,0.08333333333333333,6.5495
2026-06-05,3M,0.25,6.5917
2026-06-05,6M,0.5,6.7034
2026-06-05,1Y,1.0,6.7151
2026-06-05,2Y,2.0,7.0188
2026-06-05,5Y,5.0,7.0521
2026-06-05,10Y,10.0,7.2249
2026-06-05,30Y,30.0,7.0882
2026-06-08,1M,0.08333333333333333,6.5585
2026-06-08,3M,0.25,6.581
2026-06-08,6M,0.5,6.7221
2026-06-08,1Y,1.0,6.7588
2026-06-08,2Y,2.0,7.0478
2026-06-08,5Y,5.0,7.0388
2026-06-08,10Y,10.0,7.2419
2026-06-08,30Y,30.0,7.1139
2026-06-09,1M,0.08333333333333333,6.5697
2026-06-09,3M,0.25,6.5979
2026-06-09,6M,0.5,6.7137
2026-06-09,1Y,1.0,6.7433
2026-06-09,2Y,2.0,7.0668
2026-06-09,5Y,5.0,7.0094
2026-06-09,10Y,10.0,7.2514
2026-06-09,30Y,30.0,7.117
2026-06-10,1M,0.08333333333333333,6.5528
2026-06-10,3M,0.25,6.6019
2026-06-10,6M,0.5,6.6976
2026-06-10,1Y,1.0,6.7506
2026-06-10,2Y,2.0,7.0586
2026-06-10,5Y,5.0,6.9585
2026-06-10,10Y,10.0,7.2114
2026-06-10,30Y,30.0,7.154
2026-06-11,1M,0.08333333333333333,6.5627
2026-06-11,3M,0.25,6.603
2026-06-11,6M,0.5,6.7007
2026-06-11,1Y,1.0,6.7567
2026-06-11,2Y,2.0,7.0788
2026-06-11,5Y,5.0,6.9867
2026-06-11,10Y,10.0,7.2022
2026-06-11,30Y,30.0,7.1772
2026-06-12,1M,0.08333333333333333,6.5507
2026-06-12,3M,0.25,6.5934
2026-06-12,6M,0.5,6.6789
2026-06-12,1Y,1.0,6.7312
2026-06-12,2Y,2.0,7.1007
2026-06-12,5Y,5.0,6.9597
2026-06-12,10Y,10.0,7.1941
2026-06-12,30Y,30.0,7.1805
2026-06-15,1M,0.08333333333333333,6.5338
2026-06-15,3M,0.25,6.5708
2026-06-15,6M,0.5,6.6735
2026-06-15,1Y,1.0,6.7194
2026-06-15,2Y,2.0,7.081
2026-06-15,5Y,5.0,6.9427
2026-06-15,10Y,10.0,7.2201
2026-06-15,30Y,30.0,7.2002
2026-06-16,1M,0.08333333333333333,6.5403
2026-06-16,3M,0.25,6.576
2026-06-16,6M,0.5,6.6729
2026-06-16,1Y,1.0,6.7085
2026-06-16,2Y,2.0,7.0596
2026-06-16,5Y,5.0,6.9758
2026-06-16,10Y,10.0,7.1794
2026-06-16,30Y,30.0,7.1503
2026-06-17,1M,0.08333333333333333,6.5356
2026-06-17,3M,0.25,6.5705
2026-06-17,6M,0.5,6.6949
2026-06-17,1Y,1.0,6.705
2026-06-17,2Y,2.0,7.0427
2026-06-17,5Y,5.0,6.9847
2026-06-17,10Y,10.0,7.1815
2026-06-17,30Y,30.0,7.0986
2026-06-18,1M,0.08333333333333333,6.5112
2026-06-18,3M,0.25,6.5925
2026-06-18,6M,0.5,6.6781
2026-06-18,1Y,1.0,6.7205
2026-06-18,2Y,2.0,7.0015
2026-06-18,5Y,5.0,7.0019
2026-06-18,10Y,10.0,7.1504
2026-06-18,30Y,30.0,7.041
2026-06-19,1M,0.08333333333333333,6.5088
2026-06-19,3M,0.25,6.5952
2026-06-19,6M,0.5,6.6837
2026-06-19,1Y,1.0,6.7723
2026-06-19,2Y,2.0,6.9641
2026-06-19,5Y,5.0,6.9995
2026-06-19,10Y,10.0,7.1251
2026-06-19,30Y,30.0,7.0056
2026-06-22,1M,0.08333333333333333,6.5142
2026-06-22,3M,0.25,6.6015
2026-06-22,6M,0.5,6.6569
2026-06-22,1Y,1.0,6.7988
2026-06-22,2Y,2.0,6.96
2026-06-22,5Y,5.0,7.0411
2026-06-22,10Y,10.0,7.1316
2026-06-22,30Y,30.0,7.0022
2026-06-23,1M,0.08333333333333333,6.5272
2026-06-23,3M,0.25,6.5782
2026-06-23,6M,0.5,6.6579
2026-06-23,1Y,1.0,6.8045
2026-06-23,2Y,2.0,6.9012
2026-06-23,5Y,5.0,7.0422
2026-06-23,10Y,10.0,7.0796
2026-06-23,30Y,30.0,6.964
2026-06-24,1M,0.08333333333333333,6.5287
2026-06-24,3M,0.25,6.5658
2026-06-24,6M,0.5,6.6569
2026-06-24,1Y,1.0,6.8104
2026-06-24,2Y,2.0,6.8608
2026-06-24,5Y,5.0,7.0413
2026-06-24,10Y,10.0,7.0724
2026-06-24,30Y,30.0,7.0261
2026-06-25,1M,0.08333333333333333,6.5279
2026-06-25,3M,0.25,6.552
2026-06-25,6M,0.5,6.6614
2026-06-25,1Y,1.0,6.7882
2026-06-25,2Y,2.0,6.8205
2026-06-25,5Y,5.0,7.0914
2026-06-25,10Y,10.0,7.1262
2026-06-25,30Y,30.0,7.0342
2026-06-26,1M,0.08333333333333333,6.5358
2026-06-26,3M,0.25,6.5618
2026-06-26,6M,0.5,6.6692
2026-06-26,1Y,1.0,6.8034
2026-06-26,2Y,2.0,6.7975
2026-06-26,5Y,5.0,7.0536
2026-06-26,10Y,10.0,7.1601
2026-06-26,30Y,30.0,7.0208
2026-06-29,1M,0.08333333333333333,6.5416
2026-06-29,3M,0.25,6.5727
2026-06-29,6M,0.5,6.6689
2026-06-29,1Y,1.0,6.764
2026-06-29,2Y,2.0,6.7856
2026-06-29,5Y,5.0,7.0483
2026-06-29,10Y,10.0,7.1561
2026-06-29,30Y,30.0,7.0242
2026-06-30,1M,0.08333333333333333,6.5516
2026-06-30,3M,0.25,6.5717
2026-06-30,6M,0.5,6.6363
2026-06-30,1Y,1.0,6.7574
2026-06-30,2Y,2.0,6.7837
2026-06-30,5Y,5.0,7.0587
2026-06-30,10Y,10.0,7.1567
2026-06-30,30Y,30.0,7.0735
2026-07-01,1M,0.08333333333333333,6.5587
2026-07-01,3M,0.25,6.5717
2026-07-01,6M,0.5,6.6602
2026-07-01,1Y,1.0,6.7462
2026-07-01,2Y,2.0,6.7837
2026-07-01,5Y,5.0,7.0485
2026-07-01,10Y,10.0,7.176
2026-07-01,30Y,30.0,7.0119
2026-07-02,1M,0.08333333333333333,6.5737
2026-07-02,3M,0.25,6.5339
2026-07-02,6M,0.5,6.6648
2026-07-02,1Y,1.0,6.7418
2026-07-02,2Y,2.0,6.7848
2026-07-02,5Y,5.0,7.0524
2026-07-02,10Y,10.0,7.1088
2026-07-02,30Y,30.0,7.0532
2026-07-03,1M,0.08333333333333333,6.557
2026-07-03,3M,0.25,6.5262
2026-07-03,6M,0.5,6.6663
2026-07-03,1Y,1.0,6.7669
2026-07-03,2Y,2.0,6.7614
2026-07-03,5Y,5.0,7.0429
2026-07-03,10Y,10.0,7.0692
2026-07-03,30Y,30.0,7.0884
2026-07-06,1M,0.08333333333333333,6.5633
2026-07-06,3M,0.25,6.4997
2026-07-06,6M,0.5,6.6502
2026-07-06,1Y,1.0,6.7414
2026-07-06,2Y,2.0,6.7691
2026-07-06,5Y,5.0,6.9912
2026-07-06,10Y,10.0,7.036
2026-07-06,30Y,30.0,7.1091
2026-07-07,1M,0.08333333333333333,6.5535
2026-07-07,3M,0.25,6.4854
2026-07-07,6M,0.5,6.6413
2026-07-07,1Y,1.0,6.7401
2026-07-07,2Y,2.0,6.7662
2026-07-07,5Y,5.0,6.9806
2026-07-07,10Y,10.0,7.0588
2026-07-07,30Y,30.0,7.1108
2026-07-08,1M,0.08333333333333333,6.5596
2026-07-08,3M,0.25,6.4859
2026-07-08,6M,0.5,6.6576
2026-07-08,1Y,1.0,6.749
2026-07-08,2Y,2.0,6.7647
2026-07-08,5Y,5.0,7.006
2026-07-08,10Y,10.0,7.1239
2026-07-08,30Y,30.0,7.0881
2026-07-09,1M,0.08333333333333333,6.5637
2026-07-09,3M,0.25,6.4842
2026-07-09,6M,0.5,6.6495
2026-07-09,1Y,1.0,6.7476
2026-07-09,2Y,2.0,6.7387
2026-07-09,5Y,5.0,7.0058
2026-07-09,10Y,10.0,7.0982
2026-07-09,30Y,30.0,7.1034
2026-07-10,1M,0.08333333333333333,6.5709
2026-07-10,3M,0.25,6.4926
2026-07-10,6M,0.5,6.6403
2026-07-10,1Y,1.0,6.7675
2026-07-10,2Y,2.0,6.754
2026-07-10,5Y,5.0,6.9806
2026-07-10,10Y,10.0,7.1757
2026-07-10,30Y,30.0,7.0927
2026-07-13,1M,0.08333333333333333,6.5683
2026-07-13,3M,0.25,6.4878
2026-07-13,6M,0.5,6.6485
2026-07-13,1Y,1.0,6.7332
2026-07-13,2Y,2.0,6.7418
2026-07-13,5Y,5.0,6.9928
2026-07-13,10Y,10.0,7.201
2026-07-13,30Y,30.0,7.1301
2026-07-14,1M,0.08333333333333333,6.5726
2026-07-14,3M,0.25,6.4866
2026-07-14,6M,0.5,6.6359
2026-07-14,1Y,1.0,6.7307
2026-07-14,2Y,2.0,6.7597
2026-07-14,5Y,5.0,6.9692
2026-07-14,10Y,10.0,7.1514
2026-07-14,30Y,30.0,7.1697
2026-07-15,1M,0.08333333333333333,6.5709
2026-07-15,3M,0.25,6.4853
2026-07-15,6M,0.5,6.6309
2026-07-15,1Y,1.0,6.7515
2026-07-15,2Y,2.0,6.77
2026-07-15,5Y,5.0,6.9549
2026-07-15,10Y,10.0,7.149
2026-07-15,30Y,30.0,7.1708
2026-07-16,1M,0.08333333333333333,6.5742
2026-07-16,3M,0.25,6.5124
2026-07-16,6M,0.5,6.639
2026-07-16,1Y,1.0,6.7494
2026-07-16,2Y,2.0,6.8115
2026-07-16,5Y,5.0,6.9336
2026-07-16,10Y,10.0,7.1314
2026-07-16,30Y,30.0,7.1398
2026-07-17,1M,0.08333333333333333,6.5749
2026-07-17,3M,0.25,6.5046
2026-07-17,6M,0.5,6.6325
2026-07-17,1Y,1.0,6.7632
2026-07-17,2Y,2.0,6.8081
2026-07-17,5Y,5.0,6.9103
2026-07-17,10Y,10.0,7.1433
2026-07-17,30Y,30.0,7.1003
2026-07-20,1M,0.08333333333333333,6.5559
2026-07-20,3M,0.25,6.4961
2026-07-20,6M,0.5,6.6013
2026-07-20,1Y,1.0,6.7472
2026-07-20,2Y,2.0,6.8099
2026-07-20,5Y,5.0,6.9207
2026-07-20,10Y,10.0,7.1892
2026-07-20,30Y,30.0,7.1464
2026-07-21,1M,0.08333333333333333,6.5614
2026-07-21,3M,0.25,6.5224
2026-07-21,6M,0.5,6.6133
2026-07-21,1Y,1.0,6.7556
2026-07-21,2Y,2.0,6.7915
2026-07-21,5Y,5.0,6.9459
2026-07-21,10Y,10.0,7.1929
2026-07-21,30Y,30.0,7.1752
2026-07-22,1M,0.08333333333333333,6.5703
2026-07-22,3M,0.25,6.5296
2026-07-22,6M,0.5,6.5964
2026-07-22,1Y,1.0,6.7472
2026-07-22,2Y,2.0,6.7558
2026-07-22,5Y,5.0,6.9551
2026-07-22,10Y,10.0,7.162
2026-07-22,30Y,30.0,7.1981
2026-07-23,1M,0.08333333333333333,6.5601
2026-07-23,3M,0.25,6.5181
2026-07-23,6M,0.5,6.5889
2026-07-23,1Y,1.0,6.7503
2026-07-23,2Y,2.0,6.7309
2026-07-23,5Y,5.0,6.9185
2026-07-23,10Y,10.0,7.2051
2026-07-23,30Y,30.0,7.2387
2026-07-24,1M,0.08333333333333333,6.5584
2026-07-24,3M,0.25,6.5282
2026-07-24,6M,0.5,6.6056
2026-07-24,1Y,1.0,6.7302
2026-07-24,2Y,2.0,6.7122
2026-07-24,5Y,5.0,6.9187
2026-07-24,10Y,10.0,7.1895
2026-07-24,30Y,30.0,7.1991
2026-07-27,1M,0.08333333333333333,6.5461
2026-07-27,3M,0.25,6.5282
2026-07-27,6M,0.5,6.5961
2026-07-27,1Y,1.0,6.7142
2026-07-27,2Y,2.0,6.7457
2026-07-27,5Y,5.0,6.9111
2026-07-27,10Y,10.0,7.1939
2026-07-27,30Y,30.0,7.1953
2026-07-28,1M,0.08333333333333333,6.5315
2026-07-28,3M,0.25,6.5427
2026-07-28,6M,0.5,6.6202
2026-07-28,1Y,1.0,6.6846
2026-07-28,2Y,2.0,6.687
2026-07-28,5Y,5.0,6.9287
2026-07-28,10Y,10.0,7.2252
2026-07-28,30Y,30.0,7.1804
2026-07-29,1M,0.08333333333333333,6.5506
2026-07-29,3M,0.25,6.5351
2026-07-29,6M,0.5,6.5946
2026-07-29,1Y,1.0,6.7028
2026-07-29,2Y,2.0,6.6579
2026-07-29,5Y,5.0,6.9975
2026-07-29,10Y,10.0,7.2428
2026-07-29,30Y,30.0,7.1948
2026-07-30,1M,0.08333333333333333,6.5396
2026-07-30,3M,0.25,6.5354
2026-07-30,6M,0.5,6.5867
2026-07-30,1Y,1.0,6.6887
2026-07-30,2Y,2.0,6.6347
2026-07-30,5Y,5.0,6.9518
2026-07-30,10Y,10.0,7.2449
2026-07-30,30Y,30.0,7.158
2026-07-31,1M,0.08333333333333333,6.5569
2026-07-31,3M,0.25,6.5268
2026-07-31,6M,0.5,6.5903
2026-07-31,1Y,1.0,6.6943
2026-07-31,2Y,2.0,6.6313
2026-07-31,5Y,5.0,6.9755
2026-07-31,10Y,10.0,7.3181
2026-07-31,30Y,30.0,7.175
2026-08-03,1M,0.08333333333333333,6.5674
2026-08-03,3M,0.25,6.52
2026-08-03,6M,0.5,6.5642
2026-08-03,1Y,1.0,6.7139
2026-08-03,2Y,2.0,6.6603
2026-08-03,5Y,5.0,6.9749
2026-08-03,10Y,10.0,7.2978
2026-08-03,30Y,30.0,7.2384
2026-08-04,1M,0.08333333333333333,6.5615
2026-08-04,3M,0.25,6.5313
2026-08-04,6M,0.5,6.568
2026-08-04,1Y,1.0,6.703
2026-08-04,2Y,2.0,6.6678
2026-08-04,5Y,5.0,6.9812
2026-08-04,10Y,10.0,7.2586
2026-08-04,30Y,30.0,7.1796
2026-08-05,1M,0.08333333333333333,6.5533
2026-08-05,3M,0.25,6.5297
2026-08-05,6M,0.5,6.5583
2026-08-05,1Y,1.0,6.6785
2026-08-05,2Y,2.0,6.6083
2026-08-05,5Y,5.0,6.9812
2026-08-05,10Y,10.0,7.22
2026-08-05,30Y,30.0,7.211
2026-08-06,1M,0.08333333333333333,6.5463
2026-08-06,3M,0.25,6.5187
2026-08-06,6M,0.5,6.5546
2026-08-06,1Y,1.0,6.6269
2026-08-06,2Y,2.0,6.6249
2026-08-06,5Y,5.0,6.9102
2026-08-06,10Y,10.0,7.2804
2026-08-06,30Y,30.0,7.2092
2026-08-07,1M,0.08333333333333333,6.5353
2026-08-07,3M,0.25,6.5057
2026-08-07,6M,0.5,6.5678
2026-08-07,1Y,1.0,6.6361
2026-08-07,2Y,2.0,6.6203
2026-08-07,5Y,5.0,6.8672
2026-08-07,10Y,10.0,7.2657
2026-08-07,30Y,30.0,7.2469
2026-08-10,1M,0.08333333333333333,6.5336
2026-08-10,3M,0.25,6.5065
2026-08-10,6M,0.5,6.5678
2026-08-10,1Y,1.0,6.6223
2026-08-10,2Y,2.0,6.6838
2026-08-10,5Y,5.0,6.8295
2026-08-10,10Y,10.0,7.3014
2026-08-10,30Y,30.0,7.2227
2026-08-11,1M,0.08333333333333333,6.55
2026-08-11,3M,0.25,6.4997
2026-08-11,6M,0.5,6.5549
2026-08-11,1Y,1.0,6.6141
2026-08-11,2Y,2.0,6.6978
2026-08-11,5Y,5.0,6.8866
2026-08-11,10Y,10.0,7.2617
2026-08-11,30Y,30.0,7.2476
2026-08-12,1M,0.08333333333333333,6.5531
2026-08-12,3M,0.25,6.5083
2026-08-12,6M,0.5,6.5727
2026-08-12,1Y,1.0,6.6606
2026-08-12,2Y,2.0,6.7555
2026-08-12,5Y,5.0,6.8955
2026-08-12,10Y,10.0,7.264
2026-08-12,30Y,30.0,7.2668
2026-08-13,1M,0.08333333333333333,6.5582
2026-08-13,3M,0.25,6.49
2026-08-13,6M,0.5,6.5613
2026-08-13,1Y,1.0,6.6666
2026-08-13,2Y,2.0,6.7616
2026-08-13,5Y,5.0,6.8852
2026-08-13,10Y,10.0,7.1998
2026-08-13,30Y,30.0,7.236
2026-08-14,1M,0.08333333333333333,6.564
2026-08-14,3M,0.25,6.4953
2026-08-14,6M,0.5,6.5713
2026-08-14,1Y,1.0,6.6586
2026-08-14,2Y,2.0,6.7924
2026-08-14,5Y,5.0,6.8743
2026-08-14,10Y,10.0,7.2079
2026-08-14,30Y,30.0,7.2321
2026-08-17,1M,0.08333333333333333,6.5549
2026-08-17,3M,0.25,6.4866
2026-08-17,6M,0.5,6.552
2026-08-17,1Y,1.0,6.6587
2026-08-17,2Y,2.0,6.8212
2026-08-17,5Y,5.0,6.8932
2026-08-17,10Y,10.0,7.1797
2026-08-17,30Y,30.0,7.3229
2026-08-18,1M,0.08333333333333333,6.5592
2026-08-18,3M,0.25,6.4876
2026-08-18,6M,0.5,6.5653
2026-08-18,1Y,1.0,6.6871
2026-08-18,2Y,2.0,6.7964
2026-08-18,5Y,5.0,6.9197
2026-08-18,10Y,10.0,7.2077
2026-08-18,30Y,30.0,7.3251
2026-08-19,1M,0.08333333333333333,6.5477
2026-08-19,3M,0.25,6.4857
2026-08-19,6M,0.5,6.5669
2026-08-19,1Y,1.0,6.7215
2026-08-19,2Y,2.0,6.7522
2026-08-19,5Y,5.0,6.9418
2026-08-19,10Y,10.0,7.2132
2026-08-19,30Y,30.0,7.2609
2026-08-20,1M,0.08333333333333333,6.549
2026-08-20,3M,0.25,6.4836
2026-08-20,6M,0.5,6.5686
2026-08-20,1Y,1.0,6.7219
2026-08-20,2Y,2.0,6.7217
2026-08-20,5Y,5.0,6.9419
2026-08-20,10Y,10.0,7.197
2026-08-20,30Y,30.0,7.2051
2026-08-21,1M,0.08333333333333333,6.5623
2026-08-21,3M,0.25,6.4976
2026-08-21,6M,0.5,6.5747
2026-08-21,1Y,1.0,6.7253
2026-08-21,2Y,2.0,6.7162
2026-08-21,5Y,5.0,6.9618
2026-08-21,10Y,10.0,7.1611
2026-08-21,30Y,30.0,7.1937
